ID_COMMIT;ID_AUTOR;DATA_COMMIT
0a0b0facb16acfbabb7804822ecaf4f4b9dce3d2;7288;13/07/2020
01d33970026fbcdc1610c9eba0989a28733663af;49290172;09/06/2020
fad2f73ef1ef0e829a10df21e2c416a633dbdad4;7288;02/06/2020
6efc102c7e5a549cac14a35b3d76fc864623ad48;7288;02/06/2020
9f64f22573e5e60c5a23ebd611d518ec50a732ad;7288;01/06/2020
08d49a7c199573c416e8ef2a787dde7a13ba6cde;7288;25/05/2020
31722964623eea3122cd18906508ddb564febc8a;7288;13/05/2020
da0ab54e1c4bdacd3008c1c33d19bd17309edad8;47873678;03/04/2020
cb1b04bb50d7e9c729341a29e9d6c4a60977e42c;1894248;13/01/2020
a283cb4e55b9bed21703887039ba90137e51f26f;1894248;10/01/2020
36e2d947997b4b8661fe94a52041c9b7a14054b6;1894248;10/01/2020
ec0f1a8dcdc8862cbf22bdd13f5a109236e1cee1;1894248;10/01/2020
114132117002f7c9c3b9460517d3649b9423ce78;7288;10/01/2020
4e8248d730dfb42ca640c3b897b63294a004b558;1894248;08/01/2020
be71ec28c9b342e96a892c108fede4074d34969a;7288;08/01/2020
699510fd48afc793d125793d97fd1c422cd71f39;7288;08/01/2020
07243f4fe17706cab471eba705b7c1d41cddd09a;7288;07/01/2020
9aa6177591d2a12e3734aae64e6e5b915b2877c7;7288;31/12/2019
0e3c01252e89e15183bf3d8502b658f57404dbb5;7288;31/12/2019
8542540d09f33548d2778612463de451a0b02eb7;7288;31/12/2019
2b666c91f5160af4e4b9c308ddeec81dea68148d;7288;31/12/2019
da8e2930a921f020443549cb8200387ab6fbeca8;7288;29/12/2019
b9211d7ffcedb3ea8e6dd8db529da70cdc906d9e;7288;29/12/2019
1ef877671fc578611c277d64686675b93739baf7;7288;29/12/2019
42ce79b479c5707042037f396e6230ad8874621f;7288;28/12/2019
5da14481bc32f8d4686836262ba218e4af218da3;7288;26/12/2019
bdaa9c8f83eb100182120454e1023a5adff6d34d;7288;25/12/2019
f38e1ae15848492f1ca746c803bbf46193a938af;7288;25/12/2019
e4a26a2cfe730c1b1f7ed4907c49dbda14b434fb;7288;30/11/2019
10a3d932aba2220fcae506ad840d10d4739bdef0;7288;30/11/2019
974393e73731a3931d161b3d5df47cc361a89d1d;7288;30/11/2019
1c53215f8e0f23344a4626d38117d3dc53982f02;7288;30/11/2019
8bfc658d453ecada34a936b7d301b78d9953bc7c;7288;25/12/2019
c4b1a9ba345950ec94526b51a06d1d37ff4f6ac0;7288;17/06/2018
3789743e2eb66b5144f7d6a0efc917ea66313d2a;1894248;21/11/2016
88383c6199b1c201389a27865901f57d03876cdb;1894248;21/11/2016
77e1fb97054af2d97f69646b2cb8e0ac39767047;1894248;21/11/2016
36a2995141f5885e78f374d01c6ca8e72a4bdd34;1894248;01/10/2016
09a48390916a14d52862a55eacf285c1f613da3d;1785589;18/06/2017
b27247529a87344a9eec9b407a62e7089b20edcb;7288;13/09/2018
466ae257a91a88200976e81f0668dc309329e518;7288;02/06/2018
9bbd1ab0a3b6de7da15305cf0529f2a9079441ea;1636886;30/05/2018
c0944903c3f75f5a7eec50ed13244142d87b6e0a;7288;08/03/2018
95fdce45b93ee76396cc4f12c1cdc274fc38128a;10573148;04/08/2016
fc6ac9c33e2138d5f91288a80dda5d7cdb4943ba;7288;26/05/2016
55d3c0f0738f8dc77d719e9725111a7fb8a89657;199095;24/03/2016
7079696db602085ff82882b8cec63fae320716a9;2460695;14/05/2016
d77b8dde0afe430f69c4e03a59d9dc49221eaae2;3112309;14/05/2016
7f65284f6084872721fa59f3a9cd758a66e6f133;7288;06/03/2018
bfccbd65f2855d38b9c8d826813315857b6379b0;366207;18/04/2016
4ef5f2760028f8f0c341bbad3915937587d93b3f;1104874;19/01/2016
0ba7bc8ef6867ff335402e9b58ae8558ca8a54d9;165716;04/02/2016
7d7e5f345b646ef18d23138781ae94197335b342;92050;29/04/2016
d0388371cfda166d97165c1b68182857b954cc83;1894248;07/03/2016
2267b2643f55e7a4d3ffe67e5ad68c6394969bba;1894248;18/03/2016
4f48c360c65046f111477b4a0ee168d4c3ca32a8;1104874;31/03/2016
6a41e0431d7a2a50404d8e4d2c909e839b96066e;1894248;11/03/2016
5232c9dff98115600d1b1491e538e01c0de2d650;1894248;11/03/2016
fc57497166b85678d5a6616019c8c21139b74d05;1894248;11/03/2016
842715be9d2bb27865c179c12761290fa3f2929c;1767434;09/03/2016
cde33dc6fbae8c5d8950ee9b5336c8c66912dc64;1104874;10/03/2016
74ed9404c2ac70a100d6b9a666633b4e02568e94;1894248;08/03/2016
3d9a327df3c600e90511eabe756b0d340a0d0f6a;325899;03/02/2016
ebc51f5969bd98218c49dfd471bcc80a93a8e60a;1434567;26/01/2016
cf96bc0eff5dc2aa658eb366d9be38cf48aad280;189989;03/07/2013
ed4c4526db9e0a9fce757aed814e8605e00c7ce4;325899;03/02/2016
8f7d29b87558e9a18d5cb42fc5ddb6605d0fa96c;325899;12/01/2016
c9b9cae415be746acedf8139259095e2347a905e;325899;03/02/2016
c5db190f399bc8b4b600ca32c17adbd786ecd42b;325899;22/12/2015
482b91d1246b1e07bd0be992a2987074381e95ba;7288;25/01/2016
65bc139bfc064606e2f19c03f3bf4e5470099817;2346707;15/01/2016
8b26f54f7609a3b88164294f6332358246c39a16;7288;25/01/2016
09b42551d79933cb2de57a88ecdf94d89277b571;7288;24/01/2016
62730aa23e7162001befe4b59b4b79204e3a1949;325899;24/01/2016
4fb23283447906be2f81135c20cacf8b4c864286;1104874;20/01/2016
b6f5541ff723074a90e843a646e8213999d15c37;1894248;24/01/2016
db0758195614ceb8a000b88c4e24face8fd35d7c;522870;28/12/2015
292358499e1ac66503a2639a76aeb155aa44ef73;7288;24/01/2016
acded5f08a7b00062d34f97bdc68d5794bc03bd2;7288;24/01/2016
e90884d22419e39b297b04877fe0d436754907ae;7288;24/01/2016
7d9307f710cb78ee879023aaa6744ace596959b7;7288;24/01/2016
f4fa25a9b074c5e8394a2b4b90898ee10865c575;1104874;20/01/2016
29fa151a30cd3689cb56ebc5decc79ae2c4c4316;325899;10/12/2015
0cab69d9e6cf8478ccd2cc1bbada71bba75045a7;7288;23/01/2016
20792a9ad77cf51c2f46610ffbabc440268fa680;7288;23/01/2016
1f312c141f5abfd67dd14d64db9848c33980e9fb;7288;23/01/2016
83a3a56f3fb6d90722c7da56b3d21dcc77517ccb;7288;23/01/2016
9d0c144a18ef394c40c2b4090dc7034081e2d6f2;7288;23/01/2016
0e32928ae167b1f756a8324bd1602200f6e9227e;2411422;14/01/2016
3e8e04e3d6965f73f85dcf0fab7da82a43da689b;1894248;23/01/2016
a22775a188df71a01ee925f2c2158f8a9e77fe89;1894248;23/01/2016
c2b69bdc7141dfc4266615a30d8c3e222c25d10b;1894248;23/01/2016
5a4a2264abe72abd5cb520a1e9ebe003d769772f;1894248;23/01/2016
fd169e240cd57bf4e2eda41c4a3fcf6bb5c1f20b;1104874;20/01/2016
20d673bf208d9f3bbafa7f5e577a3b16705292a5;260340;07/01/2016
cab28ccbd4d65352047fd032438f84fe835d90c9;1894248;19/01/2016
bced581501344d80ece3f61005661e407d4b1148;325899;19/01/2016
2ff3c5ae4a72a3e8a194b434e3e867136b7e9b50;1894248;17/01/2016
c1e80bf4c2dd5db377c62a4ff899a58f6f70d348;1894248;17/01/2016
08ec54d8baff4327b4c14ef67fabb2cfff5cf046;1894248;17/01/2016
14d53ce1aad070fc02a804de9e5e6bc72464383c;2411422;28/07/2015
64951fe58ab84c1645ee05e79ed3604d14c1a20e;1894248;08/01/2016
2a1aa983d057aa1f835708bd1f32b13a9a46c14f;7288;02/01/2016
c7d7c656b3924e08c5488a58165289fbb1a512bb;1894248;23/12/2015
e4191335a45c03bd2da2062f76596bc46952b86e;549122;28/01/2015
476b7b9401752ff494ef5ac7ca979052800f68d9;325899;22/12/2015
9ac8cccf0abd7e2675d943d690fab0631b9a68bd;1477905;10/04/2015
efd8dedfb574c15ddaac26ae72690fc2031e6749;1628168;29/04/2015
08081d8672f0b50ca89e650e72a58800672abba6;2955483;21/12/2015
6e630f2833752ece8050161e44178d59b7658a71;12900564;26/06/2015
e2a048a82c64acba276412b5d6abbfe22221e4a4;539272;25/11/2015
b38fd78eb11f56b5bfbaa25991afb6374a298d6d;325899;21/12/2015
1e9b6aaae830f3df58a884f0265bc6e7117c6363;325899;21/12/2015
7134789d348c614b1b0d70522d8bddbca63f23fe;325899;21/12/2015
530603f8a4da4a1dc73804decc2100bb7aadbf3b;325899;21/12/2015
c9e30ebafdeb42efe33900da7823142e146b0a1d;1104874;18/12/2015
190a92717fca53cb5d883bf187e29f1a9bdf54dc;1894248;12/12/2015
1622d3d55428c4936c740667235618009b4948b2;57207;03/09/2014
c689d1355fd366f3dee659a3e62cad71d26daca2;57207;03/09/2014
d3ffb3a462bb87a1b860307ed61cc94f16884c7c;1894248;12/12/2015
2dcc9c788b4c93f162fe9594f99ce533925040c7;1894248;12/12/2015
c0abfdfe441f3a80f49a408654784d5357936d5b;1894248;12/12/2015
e9c530a8421be93f443f2deed9cbef76198b2ede;325899;11/12/2015
0531412a711f41c9f6757bbdedbd22af529fa5fa;325899;11/12/2015
33fc97a77f3959f9c154fd08622d85b5add5deb7;325899;11/12/2015
a5e5473b98f4b8c518760c2e1ab9ef1a315d9e4e;1894248;10/12/2015
b490475a0139f577c20725067e74ffd0be6b8c5d;36998;16/09/2015
305cc4467acee7c1bb3d4abd707b4d368f42b14b;325899;15/05/2014
1c203a39279ae556f84bf7b525415e50845419b3;325899;15/05/2014
f7ad5e1649f38abec82eb64521f630aba02eed9d;9050352;26/11/2015
c0574c152de74cb5da4d835843e39335c4fcb7d7;6453322;31/10/2015
c33f1017e466428bfa6c0d1470aee0a1dcde6f73;1894248;01/12/2015
339953ccb73930c9aa12ffa2c04a58fd2f8afd77;1894248;01/12/2015
091131f8e66740d8e361630620e1c449b690d820;1894248;30/11/2015
78c7816d96535053e3113e0a3b60a0a897321268;1894248;30/11/2015
cf671eccf397aae09e45250c61082679e1c270f0;1894248;30/11/2015
287ed91c22b91e5284f1a122d92e56cbb6cedf9a;57207;28/08/2014
45ff3cf2c2377b0af0c976a3ec0cb9b16db1ed1b;1894248;28/11/2015
9e048dfd526b6fda98ae78c324be4cbf9da14016;1894248;28/11/2015
50a7b6d4bd135395aaf661d2e0e2638265eb6d18;1894248;28/11/2015
f25c4f11e1d9a3398a99ae0d312decd0b6909413;5691215;25/09/2015
5640fe7bb51a5e397dd2b57ff21ebba3f8c98421;1894248;23/11/2015
4792bebbc630254ad1e13287b90af80686b555d4;1894248;23/11/2015
ae7b7f7b472164cb0d6205204ef8cde958079210;325899;23/11/2015
a4cfc7140a1f3c1d5054ffa4cd69224776a392c9;325899;21/10/2015
7a53778b276f0e1ca3671406ed87275d4d0e1e88;325899;21/10/2015
199bc08339b32f3ab3e796e8fc2c13b92499dd5e;325899;17/11/2015
2ffe94b2fe8eadfe098862de829d7d0c3bb80429;1894248;08/11/2015
66882e3c93a535f1057efe5f299e888f0125724f;1894248;08/11/2015
fce84754c610b75093375444018ac8adb0fe5836;1894248;08/11/2015
22a8e62bd0270cb22b165cb4a1584529150c6029;1894248;08/11/2015
6991949e74e3115472754198ec7e1c6793f1fbdd;1894248;07/11/2015
2846f07bf46b0b1221c459be8278b456eee1b6b2;1894248;07/11/2015
90716bf2820070fd9cb3065bba839f0eab13b3eb;1894248;07/11/2015
50a2b7594eef234b6d05c8d18a35fdb05a8a2c38;1894248;22/10/2015
6e44a3228ff28f15e1cb21eb9fa11a3f48e30a19;1894248;10/10/2015
d473fcbe5191530bd0b9302c6cb13fee4480b016;1894248;10/10/2015
b4a6f43d274df6084e889dec5ff23d0e9a09be79;1894248;10/10/2015
ea4b253f81287ad4dec9287589b7d2bc44f93de4;1894248;10/10/2015
748bc720bf915f9b4006d3f39847adc716067548;1894248;10/10/2015
58624241574ebb36f870365aba3504898190e10b;1894248;06/10/2015
5c2c99b7aec856baa6fb33fc52ec7beb051f4bed;57207;17/09/2014
78ab619b350ac5553579bbd1cdd7cdc483894f6e;1894248;06/10/2015
4727e1d5012ec69c2c23e7c0cdda547d11f4d5a3;1894248;06/10/2015
0aa74a27d5cf3a3c3090fb4420af2ef954cf687c;1894248;06/10/2015
0ba13ec57c2454926c00293db5146a4b60edd62f;1894248;20/10/2015
f69d44b829aaf281441edff7506dde2d5c33ad07;325899;19/08/2015
75944c8d47ae75ff73f2fb3ee2e9a2435ab635a4;325899;16/08/2015
9eb781f82da6ad5522f91a2df664819e39b69d7a;325899;13/08/2015
233b22ff2cd906e9a19ffaf43300a789d61cc248;325899;12/08/2015
6106d391e9e05a2ab55034a873df2b7b685e0364;325899;13/08/2015
5a266e48dcd0202e453356300f452bf1ae1927c9;325899;13/08/2015
2121b56d5b3c2f156975db553a8b78dfd5aa5970;325899;13/08/2015
0cc40ddefe95c8edc6cf95ad8d473176f0d309e9;325899;13/08/2015
b483dd673a1ca589ff10c5f73dfea1e43bfa3225;7324836;24/09/2015
be88365991a49a4fb2be7a767632b3abca7d3713;7324836;22/09/2015
2e28bb39768e2cec0d881693d4c525c13816f845;1894248;04/09/2015
b1ed678b7119d6d9396b15d89048e15710112e52;1894248;02/08/2015
f932645b424b60e98abc44f2b94e5fea0f0bf517;1894248;18/07/2015
d038a004be21b0cf6d47a1330002e383de06fb27;325899;29/08/2015
fe2c6bb5fdf776b718422a104e6babe67dbf2629;325899;23/08/2015
42ff1de6bbb027040797f65344c3727d5c7c4843;417751;27/08/2015
d0b1ff5807ce0ca8cc375afc633ce5df7a3ebdae;325899;19/08/2015
b2646bf6980bda3173efb74bdc103f98f82fbba7;325899;19/12/2014
99212c23af965dabd888b881b8e45f0c734d33ca;325899;16/07/2015
37467c20b1ef9c7474d131e79af75bbe359b4023;325899;24/07/2015
8b79f62faf7335b8498770e01122b15d1405684b;1894248;03/08/2015
44e50f41d14dfa1abadc76ab8479de778a7179b7;1894248;03/08/2015
5c66f389c8c6367209d837485c6f218b9f118f22;38766023;07/03/2014
beec45deaf5d3ed93938ff41fd56d8cd53dc601d;1894248;27/06/2015
b96d93c22829622f3448057ebe1fcb4d09190c75;1894248;27/06/2015
64e415f3df018f35b378c3c165db8a4c3d5b3522;1894248;14/05/2015
303eca148d79b8d283009d261f9f56a29bcccd78;1894248;14/05/2015
e343d81a0332300e38a4edd5ed6ba02f6217805a;1894248;14/05/2015
752bd5eea9f2371f446b9a1989c24cc001dc5616;1894248;10/05/2015
685e87da79b11f0843556d7218fd56cb45abe8bf;1894248;10/05/2015
36f27e3b035ecaac97938b35b19fc6d9d5a2f3a4;1894248;10/05/2015
5bef1af7186f25dec213c1dfeae624ad7dbc490d;1894248;04/05/2015
434d4e0101a540525e8f89a657ea553fb38b040b;1936371;16/07/2013
6897baae33bf8648ceb2667da850c3609cd8b11f;1894248;10/05/2015
a32d7c060182eca69c1da1e1303d54b21727b124;1894248;10/05/2015
d7e72d929784351ddd2b1b1937322ddb6a06fe46;451612;24/03/2015
d938eddaf2039cc4d8a90704f736129edb8e1260;1894248;09/05/2015
e644fc5b29474dfdde137beacfa452a276a46811;1894248;09/05/2015
58d33c7599e9b17aa75e448ee43a0c239a61cd50;1894248;09/05/2015
276aa356d525b4ae2a6d23e3abf436ab26aa8e39;1894248;09/05/2015
8754c983305eaa1d6fabfb1e9f86f688db970aa7;1894248;09/05/2015
afd679297b5a833a2c7558bb2f1b9ffae7d7b3d5;3494794;01/05/2015
8719f7b21bd65b12bc6efd1f94c85c51672521d0;426467;06/04/2015
d3ed8e8ee1609b1b06efce607cd8b74b11bc05fd;7288;22/03/2015
45ee241b90d261fdeadb0b8db1165ade160601a9;3494794;18/03/2015
c8bc4eb8fb6c5e2910d085b50383e42f1fa73c17;1175398;05/03/2015
3c3b47e7967ccaa1783d1329d4fa3a58ce06a00c;147496;01/02/2015
d3cd0599c814b645dae7da14c0b71768b3db1a20;7288;01/02/2015
4cb4818862f175bb9d7c282767a6f4d64789b0b0;1894248;11/01/2015
a2912c216d06df4d8b51f12ad4082a48c5fc7ba6;7288;24/01/2015
0352ddb502be9cb53cdb173fd7d97e3764e0c222;7288;24/01/2015
05d7e3e77d78904d504bd20e61c2bb3c41cd8a0d;533081;26/10/2014
806da21e2b8ce8f02a669f37c5d39eeb037c9ef7;972989;12/12/2014
32d20b4aa7ef108f72d7f4ffc8699aaf4aedee48;972989;12/12/2014
0bf14a3d0c940b423efd2aeb0549923fc52e8d56;972989;08/12/2014
3b8282cb2e33c5afcb7625dc833ed8a0ddb07e55;972989;08/12/2014
50ae50e87154ffb169b9d691e65dada691ab9eef;325899;21/11/2014
a65a487d997f3f27d141aada8f6678e3d4ea9397;1894248;06/11/2014
12870d90ad995d6704288690125c07bb0d8bedd9;1894248;06/11/2014
eddb0db1d253fd0c546060a4555554c8ee08c13c;7288;10/10/2014
619225b1da072ac15938e8e3f142a26378957f9d;7288;09/10/2014
ce66f290c3a164297ab0292aa8592c95dd79d93d;7288;08/10/2014
2cbb6954903a85503ecff85a40096214115415bd;7288;03/10/2014
bad1fee4683280420cb42534c1cb58d29137084f;7288;02/10/2014
b68d9467a7bb6bf87a68e78e4e7a178c5ddb5d7f;7288;01/10/2014
a5f0ff7433d65a3604b3c1127659200fa8fbf99a;7288;30/09/2014
7e8986cd3e6488326c020e299065cb80005fda34;7288;29/09/2014
7bcb9a8725eb6e0c76a35f806d5b0a1b628e67a5;7288;27/09/2014
5768b705a019da719fa356fdbf370f3ea72b4c93;7288;25/09/2014
105bcb32a9111add24879303e0f23aceef53b0de;7288;25/09/2014
51d5835942b1acbabf6dbc80b5d6ed571cecd418;7288;23/09/2014
72c53b54764eb3995dac15cb9fe4806ce98212e0;7288;23/09/2014
639e09bd3a3ca3a4373299e8e50369a408095319;7288;22/09/2014
7c61f8857d5e4719b647935ff18c15ec0ff95807;7288;19/09/2014
b36da277e94536a6044a691d5fcf698762faf924;7288;18/09/2014
9c7753189febc9c1074a806353b082abf89c6c26;7288;17/09/2014
4d4aa42c9426989f4a36cbcd320ba0f56905391f;325899;16/09/2014
3d4f89b41e1bb47a7c51eb5d513595f41e1ebbc7;325899;16/09/2014
2e8f0e8f6837b3f9aa853b3f197d6dfcf78ed3ac;7288;16/09/2014
767494dc35eb1e90cacb28261afb44c32eb3f0fa;325899;12/09/2014
4d60e9450d29dd17adfa1fc10794af1d664cca13;325899;12/09/2014
2b2d52e34306733fc206ed9da9165ee09cb6af52;325899;12/09/2014
1adbbe483048b00dc4c0607f18ebf1ede15c36e9;325899;12/09/2014
83f4baf8c6470511aab40082d09d3c45c8674e26;7288;14/09/2014
f85238322e6c3fa2333f566baaae18833605c8a1;7288;14/09/2014
3b972fbfbb972850ce0f4af5be925789486676c8;7288;13/09/2014
dca6f77a36699eb4e1c46f7600cca618f01b0ac3;7288;11/09/2014
d52df7a1cffeb85656d73b0967cc861ac2d6d442;7288;11/09/2014
f95ef19fcbba33b94b7f0031eba5755be82cff33;7288;11/09/2014
f29b76bb7fc1163a5d9465f0be0eaee020dd8e06;7288;10/09/2014
804f61bcf5eeaf0b21825c04a4ed84ba2aed000f;7288;08/09/2014
f20835735ca9d4a9f287a563319f54e39ad79ccd;7288;08/09/2014
2c10f6095b8e46a355dab65d401d7d4c1a685bd1;7288;07/09/2014
784a06c3a7f605bdb34eb90378ad38b29ac208c3;7288;05/09/2014
235d072db5dc3d9b82d745eb817bfeddcba38595;1894248;04/09/2014
ab2e4788c6b06651df89e5d9b911f8e3fe6bb754;325899;04/09/2014
e8598a849efa89f729f780a4000c1390bb7c6f63;7288;04/09/2014
729f12c7d88ec191a317e8c20c545db9ede756a3;7288;04/09/2014
c883a80caf8541d4ccf6c9410ddd62784c5951d9;7288;03/09/2014
3274001e079d3a7255167162d4f4fb2c8ef8c22a;7288;01/09/2014
6c6059fd912113c351e6d1d83dbc5891ebe21a23;7288;31/08/2014
f4eb3645f2d659b44a98f31a6f79b515e3504aa8;325899;31/08/2014
e8cddbfe7b60ccf2625d421699f036c836e553a3;325899;30/08/2014
488a1307995e0bae04b5d9b0dd4bc5752501c10e;7288;30/08/2014
9afcf3c23d29d1dcc235e8b2bf0628446abd42bd;325899;28/08/2014
c64b1c078c114e17281d7d1b6e49e0e40ec33715;325899;28/08/2014
0693711b0af09cd9677aa2278c398dc39e3392b8;325899;28/08/2014
a680ed41b210ea7771495a3be3d79e6d954933a5;7288;30/08/2014
858972e7efecf279256a891776291b9288bd643c;325899;20/08/2014
2ab57b875e4bb462bce0ebfb952fa058dedc55c8;325899;16/05/2014
2c0364b082287d81d790171858f13924557ef368;7288;28/08/2014
7317724723639932f79c211ac40f5ca06f4d9e1a;7288;27/08/2014
4bc91b1bf06aa43426d996a7297952a0eb88d94a;7288;26/08/2014
3a9fc4967913cf61f08539c921f467409adfcd0b;7288;25/08/2014
0cd703085db2f4ff94a24fde1378c848aae1db49;7288;25/08/2014
5ec80ff09c0f9bc2819fd0f5fd9d1e614ba2da7a;7288;25/08/2014
8cabfed4b3e9f3b3e7e2d7ccd156dee9743ac7d9;7288;23/08/2014
51c8c9cc62a485e4da699928204be76eae8f8ed8;7288;22/08/2014
9e832a1569d98920d64ab8f159268c40e3345111;57207;22/08/2014
22e74549a302fedcc5d2267398af3a4b49797b13;1894248;20/08/2014
3be7005a17c0a2fa4cceea6cb91b584093f1561b;64340;20/08/2014
1e7829db97d5134336d6f9e4961c1cfd1d1bf9d5;325899;20/08/2014
b5626bff97e2e794b1939f96bd91f0c064a3d49f;7288;20/08/2014
a9809996b168a5696b917702ccc3696c70e71233;57207;06/08/2014
77c47044cfd1e78614dd91a5c2e4e75185e1d40b;7288;20/08/2014
a6f61307673fe765db30e4e1709682337e6f8a72;7288;20/08/2014
26934f32a95adca81a75be60f4702abc22e12475;325899;14/05/2014
b524d53d36912dd3250f3a399bfc9f8008d148a8;325899;14/05/2014
6fb347d29649549e20d155b50b94b44889195d2b;325899;14/05/2014
e6b67bddc5abcebe820e45ac75ae53a6cc3a4198;325899;14/05/2014
7102e87bf47f7ebc77ee82c35490c1e0aaf0e1c7;325899;14/05/2014
406f736e148017df868c659febcd92e189afd1af;325899;14/05/2014
9bbff95a57ee9012ba45b5583f902285ea7b2cb0;325899;19/08/2014
2681756efda4aad7207e90cea630de0650c6a41a;7288;19/08/2014
30a4a01bcab74064c4f94837d32127a40fe0abaa;325899;18/08/2014
8d23afb782de22c83c8ab48da50bc35bcf91bbfc;325899;18/08/2014
4246ed0533cf9992f3d450ce7fbeaff27cd68cb8;325899;18/08/2014
e9e6f30e697468e4b840ef1001fd03c002ce8f3f;325899;18/08/2014
9254f6855eb8349b07dc87cccd0761146f9b5bf3;325899;14/08/2014
615f33c9c4a44599affb90027ebab724b37f6bcc;325899;14/08/2014
5b5e63af2381181501ce290f9d2cc3581fa29565;325899;14/08/2014
b81d7aec0a755ef093ad46e5104e4b1ec7be9ebe;325899;13/08/2014
0c8eb88c15fbfdf60bd4d651c15f0cbf5abc02ce;1894248;18/08/2014
de2a19da9c48e5f7de803134446db8b691d69994;132233;12/06/2014
a86ae1948ca5ab20efc5c89ee39d183c33f59232;34627;19/01/2014
fbe8eefc29824d6f6bdcf8a0f4e18d197177a8b3;7288;17/08/2014
25ddf566e76544f55961b032652289f1887d5a3e;7288;16/08/2014
0a8b13403f21d2946ab70324a0f50f67e8ec1bbd;125011;05/08/2014
f532b73cb2c27738cf37e039c61df0a7342881f1;7288;16/08/2014
3c9cf90d12a88a6ce22cb5121ce09b517d86c726;7288;16/08/2014
eca1081b6ed84dca26d5ed0f7e0841773afa1e0d;7288;16/08/2014
aa0300607c9d9072c5d8ea8e2538e3dcec18e1d6;57207;06/08/2014
4bf75c50b0342bc6f4f061a44c15ee44811bde28;57207;13/05/2014
3136898976893b2aca8a42bca05f5244c31ddf13;7288;01/08/2014
bbdaa9e884f1da3d4f07088a8b6fa17b86922702;7288;09/08/2014
28045aaf6bbfbf67598fb771bab33af9b583147c;1894248;08/08/2014
2ebe5fd8a803739b3f5a320cc24b44cc8a0dd539;1894248;08/08/2014
0c55c0a9e053cf0b43d136899389be2cf34f90be;57207;06/08/2014
514972db802dbbe84dbc3e1b5ea24355a9bc0239;57207;06/08/2014
48fabe06463460d2fb7026d6df9783216e26265c;7288;30/07/2014
64b6fd2f4bf75ac99eae259ee99a066b3ee66153;7288;25/01/2014
20a73a6d4048295d51677ecec332ec266145512b;7288;19/01/2014
dc8d3c7052a2549fc02c932eb8d2780d7c02ab61;7288;19/01/2014
13e788f2c1ff9ea9e4ca1bd656dd1ab3d13f66b3;7288;28/07/2014
53edf23e8f13b932e448b81eb3d1ea8340a1c840;7288;28/07/2014
e2682edf4870dc198ecd5fbf7f9872470f03c87e;7288;28/07/2014
1bf54d877627e92c7d6c3a9e565f4e88f7b70c6f;7288;28/07/2014
125c8d3d4961de550dcf20e16dd95551fe4af59b;7288;24/07/2014
cf12fc4a236e071382e9e6b9c391b606eac17ea1;1894248;24/07/2014
d10b8dc5832797be434f43fa2cbd4f1110d035fb;1894248;15/07/2014
4393627a8046a0ad2f2c4a26a23d938c47e9a79f;1894248;15/07/2014
c166662c0d6e42efd12e82a4b1dab09d9a0e10d5;1894248;15/06/2014
bb3df8057037aa3e49dd1818ee73967e2ea72487;1894248;09/04/2013
05277b2d8443d602a21466912572536fa7d3e4ad;1894248;15/06/2014
d65601fe90dda332da5de3de775284c3965213ad;325899;04/06/2014
13ad8a134e96e32f1026f23c6deabf1ae3a5c08d;1094579;18/03/2014
b4e295cc97bda43024c982256a2596a0edf666df;1094579;19/10/2013
800fbe8452b7ebf2d5a513a9adc3d13e3695381b;1094579;19/10/2013
62fbad4814df983c973511ded476c54dc09303c9;114508;10/05/2014
ccdd86f47fd19b0e41babf0406ba941f8e940014;377479;18/04/2014
4d2fedf2431111bbb7c195347835fc19699fb68d;2552790;06/04/2014
e9c77252ee2aae111eeab8dd930a6f8716d880b8;114508;29/03/2014
d831dea8c86af70be630a6755737fede6cfb7533;2947594;01/03/2014
e9a47eddee87d12be2a29e5acd88a38335656b84;114508;09/03/2014
8f685818aa8e5c483f467dedc375b9be947c6e4c;114508;09/03/2014
77b5de13627c8c2dcd5d5b39dcb4a62bda0281eb;114508;17/02/2014
ba5998f74ec7399b429008cf8f2bb2f4a0bfb652;114508;05/02/2014
1797c146f16ddc1e0249b8bb60284303bd435825;114508;04/02/2014
300f28cc5d5f3334d7995880d54e38fe3c852444;1063934;11/02/2014
15d0636b708aa688b460e3f3330d8309b08addba;318313;14/02/2014
9940e8b25ebc8b7b8ad30f0fe7b077cd7c3e1274;114508;02/02/2014
0765f9bdd22a97bd53ab601177e3bc2a06072dc3;114508;02/02/2014
06672a03aa1cf9eba7005775f1c4421f7021eecc;114508;02/02/2014
056aa50c19b31de967ec7c30e59c6cb16680e48d;114508;12/01/2014
42b3a86bcd7831be290b6130428f9eecf4eb6df1;7288;11/01/2014
3ae9d38d40d41f03d5080fe0781ce55f457c7fee;152563;23/11/2013
3ed2f6890924c741dd330f759cea486daa21a16a;854352;20/12/2013
6b45113cfe9dbbe3649b92f52e434c0e4c8dada0;7288;07/01/2014
266ef0da59128e781e4bc532f2203275515e2158;7288;07/01/2014
46eb122ba3901f0a1805b2f11b7e9736fa716d42;7288;07/01/2014
e53358710769acddbdb59d3d356df73ff0a2e5b4;7288;07/01/2014
23f31391afceb31a29dfd30e19f17d55fef84b25;7288;07/01/2014
e897ab8bb287c1e6f9f6e795a74992befad8b8d9;7288;07/01/2014
aa388a05ef55bf3322c5a4a7eeb21e34080888e4;7288;07/01/2014
9bfe22b428fbd69451f879b967ba26ff50b1ec7f;114508;06/01/2014
a9a219e74b7e98c00934d750ce801a2190abacd6;114508;04/01/2014
b70ff8929c0c53122b5aeea0391d1f8e799553de;7288;04/01/2014
b67866b612e079f1df67e5bdac4cc6b053f0ff77;7288;04/01/2014
9b0132712bd7041d1fff3645b007f5165fa7e839;114508;01/01/2014
7659f2551c4922c47876769dc0c2b8cde2e7e12f;755001;01/01/2014
18b342d3e7fff3d8b42f6ae802d555e5113d65a9;1504626;31/12/2013
e1ae72a8661ebcf52fb1f5a44297b4a994abb0ca;114508;01/01/2014
e40ebb93d71927701e00be777d1bc8732be1b901;755001;01/01/2014
54c16118012845c63f4d67e9cbb7e095232cf219;468895;01/01/2014
3d80670e224b5db7aea215c1c5a43ee246e8fe01;39406;13/12/2013
176d4359011974631d7fc50d30b4e257a0fafcee;39406;13/12/2013
f4128d7ede44746d18fc9f1d58cdf95b72a33199;5133235;19/11/2013
4ca640c5e7cde59d8f13780b6ad500b32ff285ce;39406;14/11/2013
394e2f8699c15bd26006ec2d972edfd2478d851c;39406;13/11/2013
d5eaf4106347983019f2da3a6f601bf766cf8ee6;875005;25/11/2013
8f8de587520a453bbfcb3d9929845f02b830a6e2;88190;04/12/2013
efcc6c786131d2d50858ed051e73e7717efba20a;1894248;03/04/2013
c8e42150973d6ad9cbf910dd4e02bb4c917dc634;152563;23/11/2013
6a01a8dece0c4dd697eaa0b208057d2bd43a30f3;1894248;31/07/2013
23df8811a1d11d188db935755127cf8ceb3cdfbf;1894248;12/09/2013
fe6a967bad2190b9fe4e23a360a53e8ec6e0ceb7;125011;10/09/2013
269154071100332c201fc619b658b07d9fdd6cd6;7288;06/09/2013
b1e181176e774124d764364b1cf846d5ae9fd63a;141195;29/08/2013
7431cbf229b79a6753fb54e70d6558eb897000f7;20321;15/08/2013
73bb56084028e1ee902bfedb8bd0443b337c7578;114508;25/07/2013
8114d44a28134b765ab26b7e13ce31594fa81253;1936371;12/07/2013
1a25383307510161b8a80ab2d3032708adb7789b;1894248;23/06/2013
b1cb3a00bdbfa86fcf3b1748898173e39f549e1c;1894248;23/06/2013
fdec25ac4c1b33ffc9bf55c27f5b3c44968ff4a6;1894248;23/06/2013
6ba33cbcabf1821592bcad015dc4b690869022ac;114508;21/06/2013
c466d8aeef61433fe8afbba8b9b37d69e4b824d8;114508;21/06/2013
edf2d90a112547341b6cbcd6164016ab5ac5e7d9;7288;09/06/2013
644f3795882c39b40c712da578940e67be0b80bf;7288;08/06/2013
b4c4429e86838d15701106509b9038f00fa2fab9;7288;02/06/2013
01587211cb0d98463d11bf8bc9ff02f5a18ca268;7288;02/06/2013
44c3d6080d4ae3d1c830957aaed28e352303009e;7288;02/06/2013
9f1f56bc3b28fdff32b11a3362a8f93ad60a66eb;7288;02/06/2013
f57fa468ab9d5c222891cf0a145671043741d93b;7288;02/06/2013
fb8edb7c726cc2b4cd336bf528569f673799b552;101238;05/06/2013
4d916971b37928017d5b2f1a61daead54dad2f46;1894248;27/05/2013
639e8c85b2f9c24016f8d69f315f3e7ace7e23d3;1894248;20/05/2013
fa238856f9e46202b2e204535a0eedf926006846;7288;20/05/2013
9aa0705d3c356f5afcb4c1eeacc68144a3a18688;7288;20/05/2013
320608662daa5223302a3fa930a5dd6655f8df7b;51028;18/05/2013
0726a8e2bb421e3f5a23c4d2b6d344bb3a84ce30;1894248;16/05/2013
706e928e78a975dc545a976c1b5bd096b15c7be5;7288;15/05/2013
f1472b54d1c20eace550e004ece5a01516767c60;377479;30/04/2013
dff8ce252642c64781156a1911b9417e241c1ea5;377479;24/04/2013
5528d75c9d7655d121ee6fe54ae52395f8eb8dad;1894248;11/03/2013
f8e79fb8c6007adabfc644c77baa958f49e77391;1894248;09/05/2013
23515550d5ebb4b11882ec9b12b42d85672d3045;114508;30/04/2013
3ae632e70441125e6830ddb8e6535a3627f9444a;2914966;16/04/2013
f72f2962d1eb92a5f182cb7c2ecdcb58878fa559;409736;24/04/2013
39bec1ce172e7e5dbcdbf84858563a2dd2dd9dfc;189989;26/03/2013
b159144a48866aec448afdb7004d84d7658daf02;189989;26/03/2013
3d874d9e0d089780b40c7b5abc35d0b546249b34;189989;26/03/2013
c07a2efa33354a4456edfa9d0f864b8d24cefedb;7288;23/04/2013
f8a905c8b0d2a08e0798a6341b2d8dd39eeb2cdb;189989;26/03/2013
d925a510d9fb4d1d146705d8ae5ee7901fe87c1d;189989;06/04/2013
3edcabef9f36636adcf05926351a3fb09c781e0d;1894248;13/04/2013
78242e5d6cf40d81b308bc73834eefde42467f39;1894248;09/04/2013
36ab7194e4a186fb929e7d555dbb0e4d4ec6ddd3;189989;02/04/2013
8042f3b92c2a1a4d871174ae6e6e4dcaffdfaf87;189989;26/03/2013
24078b56c70faade90f1f4e483079c95db27d36b;7288;31/03/2013
0bc2eb418e84dd33509d597cbf02cbfaaf537720;7288;31/03/2013
fcdd274f2e8ef904e37795bd642a247a2a2e791c;26019;27/03/2013
47dc82681d26dd103ecfaff5cbed144e4b4d7fe4;1894248;30/03/2013
9ca45ed62e53e55018f682ca79e8fa6f4a3a7c3c;1894248;24/03/2013
da71c5fbddafbef5c033fd6cd4a916ab3c9fd548;7288;21/03/2013
bb1a407e8d7f2569c4dcb41a9513791cf35e034e;7288;21/03/2013
bda3355060c103f0431336b570b339ad4d61380c;7288;21/03/2013
08bbd324d1e1a8a3642dc5f10b4b0a665b2af515;7288;21/03/2013
9ef69005d4ec2d2947225c2339da39664d9b98a7;7288;21/03/2013
b5345bc13346224254e77021cae3e144f9577ecd;1110130;19/03/2013
9f9053ec4482f14aeb1da98a61fb25e084670328;1087;27/02/2013
52883ced681854f453029822f466b6a4a18c0e3e;1175923;12/03/2013
b16a5348a9ecb08169d493a5aa1543b05962dabb;336034;08/02/2013
63dc1e2c8fdf664c40af4390c2299cfb9a46ae2c;7288;19/03/2013
0147fcbc07afdfd86890a23eafc80f4db054ce77;112310;09/03/2013
357dbf46d2392bcc2f8bc3226ef4ee1456a6beac;112310;08/03/2013
6989188fa0b69f1783a67d5e1241b1b1b74bc6d0;114508;18/03/2013
78d90641df12d10b1f30b2bb4c08b92d6aff5f9b;114508;18/03/2013
005db037cfb5ab32c449ef78404ee8ec41c1fa65;114508;06/03/2013
97409909905233d9a457a4f8cd6e958a5a238359;114508;22/02/2013
9af1f09f584282c8e4dba483bed871c408131319;7288;16/03/2013
9df52bb75235f0003585c8e9c3391e03d8524fa0;7288;03/03/2013
d42c4002c4c9ad874a8f7a7576313d92a0202962;7288;03/03/2013
1c80f7306eab07d6b956214ed145aec8aa2968bb;7288;25/02/2013
5d6b8240f7f3f80e226dbbb0fe36c443161b7d61;526509;29/01/2013
58566bbe76d1da4db779eeac1524b58257476a70;507130;02/02/2013
fed209c54606b1230c4781250a47b0de5f9a73e9;1894248;23/02/2013
212e4b7cd99000edd8af9ec8dfa2e3c68a3c2a55;1894248;12/02/2013
ca27a8eab1a939eb9d64bb6666f21a6b16d695d6;134005;19/02/2013
04368c6af8110280c8d7e2cedfe710065c672e4a;114508;12/02/2013
fef171e14f362c51a1394c7abc0c438a2121c3bf;7288;03/02/2013
2d42b52c67f7945c8edd51c058989c904f8c7fa9;223481;03/02/2013
1e5638678d08d68cb55983c5868bc0c12126c40f;1858732;02/02/2013
1604b4d6c19b5b5b143416aed6dc9374f2639048;417751;29/01/2013
e6ae4cca6dfc2819ea99c5575bcaf94eec6686cb;417751;29/01/2013
43ab20d4aef78202b71b6074e770ffc1ea860737;7288;29/01/2013
0734811514a88f5c5f16fbd0df19a0eafd285d15;75722;10/01/2013
6d81933941ec7e8e22a965fdbd9824a3ac86136a;1894248;18/01/2013
797b47ae819d510da3cb70706f08c7d316d1f29a;7288;18/01/2013
7e7325c0f5acb0996df701e5fb9233d85aef700d;114508;17/01/2013
12bb24f418ec82a42245f7a85befeac2a806d24b;114508;17/01/2013
4dec091ac2ce63952867ca219268ab8bd2378de1;114508;17/01/2013
a7a3928af9e787be384967688805514f8887c039;1894248;15/01/2013
1a487d2bbf324daa6e119e32f07554837ed2bd2d;417751;14/01/2013
360dc3a30c93a4296085e1b822af181951d047be;417751;14/01/2013
34ed1169f3ed90495b0fc182669642abb99f5685;7288;10/01/2013
d58eae54d71c2559d70d094987a0f89a65dda721;7288;10/01/2013
aaca7774c9d43243bc0f7c9a2a2ae38ae2b8f251;7288;09/01/2013
26e51f4b8a523529a5f89be680bd8215316d3804;125612;05/01/2013
c3c17a53647395465f411eff8da78b8d7eae97d9;125612;05/01/2013
52e67c5aa7a130a5626f5ec0489884927c8f8fdb;125612;05/01/2013
69bf72bca7d2495ab83f44ef6baea2ce12ab66ad;7288;05/01/2013
aa907343b9e046c3f0c4aa671de7a755706eaf72;7288;05/01/2013
09e929d5990935d104dd55ab9f38df8328d296ea;1894248;02/01/2013
fd700b0702f96cf9c78b3b0eaf9175c1e5967392;1894248;31/12/2012
d906bc3819d54a9d643459cf06de7ac69cf55e53;189989;29/12/2012
d0fe6864a9dbf5f199311d0b1235540cb75aad0e;7288;29/12/2012
2a2b6e455cf04679b32df118170aac286663c135;7288;30/12/2012
f52044cd3106266aa8efc1fae05e8c923315a5e5;189989;28/12/2012
83e8152dd694a755c1e3b772d0aa917941e0c769;7288;26/12/2012
98ce8922c692c47d4d6c0388c8dbdbe53bc0c743;7288;26/12/2012
836719f72ed423ea828dcb6965dfd8291e69fb66;189989;18/12/2012
6bc3a93118e184726f5f02b5c102f1bdf02becfe;189989;18/12/2012
f6c87221a775bb6dc3d5102951b4f333d714af8b;189989;15/12/2012
e3517f108a4b5d8981767823f49ca81b7d9f95ee;2381;24/12/2012
d7652abc11e3a614d996b8d40bed44f73b6127ef;7288;23/12/2012
3f42fb230f8943a4fa320b7397b74aa201fe1f71;7288;23/12/2012
fac15407e8ede2f77df6a83288e33e948eb0ec3a;7288;23/12/2012
3458d4d507ed31ce4d1053dae9805c93f8664f05;189989;22/12/2012
03500e6b555872146257d01f98bf498cbab5c81a;189989;21/12/2012
fc7a5b7b9fd99d4847f5d498096e3bcfb6f70a5a;1894248;22/12/2012
c33b916cfbe97c19ed4e8ec0321d153e23196bdb;7288;21/12/2012
d998c593584cc23aed3954d635259024cfd6ee7d;114508;19/12/2012
88363988256ad91133f9c2471f637dffc45df38b;7288;18/12/2012
f70a6ab4ee17f23e99155217e38ef4ae18e30918;126204;11/12/2012
78e72312dc6570c4e7527718ed3394f35405d7d3;126204;11/12/2012
302050e0cee119f187c2322febc277135a33ef15;114508;17/12/2012
9a8b84a2938b872ddb1589ec176a4c1912e67907;7288;17/12/2012
9c0888d54d6c45f2f778973c06fda2c07493a77b;7288;17/12/2012
15fe5140255c311ac8545192d5a1e30559d610bc;44306;07/12/2012
daae36c3baa92186f1719eadcdfff9a7cb698b96;7288;16/12/2012
3b2a1c27a1cc252dfb39ed060d20425d094e07c6;1009758;11/12/2012
8f14ef027e00d476fc998f80b6bc74a9a6606b2b;1009758;11/12/2012
027aa93b18a2d4835c5d0e7de18c9a04874fbe9e;114508;15/12/2012
f5652e511067f8c6574713287d43883becd1f40b;114508;12/12/2012
04b74f99fd2b353225db44b1097ed3cc8d683a5c;1894248;12/12/2012
eb3c9caa6ea7e286f3ea9bc34c38627004af374b;1979;12/12/2012
66ab9a1113a85ed7a0dba62f8b164d5c7129bf68;1979;12/12/2012
5eb0f64e6b38dee1301d5850cdfd3bda27185a21;1894248;12/12/2012
31dd714a2209c7eca25936d6773a87fad34eb6ec;417751;11/12/2012
487fbf303571a22fbb2ad80111c8e4a6c0eefd8b;1979;09/12/2012
e8380e42d77f3e613fde182a8fadfd3cbb256958;417751;06/12/2012
4c285c419da176d4f303c08e761a2d10ef58f824;417751;06/12/2012
f61635f2d49616322789b98220167d22073408e5;417751;06/12/2012
c9f9b5a14b2ef17b14eac065f81af3dfadaac2e5;417751;06/12/2012
a7777979421fbee56744e2e09edfc7013afe5157;7288;04/12/2012
94e1f40ad9aecbd5aca5cb1255a188e39493cf56;421543;15/11/2012
fd653fe61f13087d6f739a11df248b50d423c51b;57207;29/11/2012
4caa71a6b77ba710768d1ad855f08693f24e634c;114508;18/11/2012
ffa9fab316a64fb7410fb7429db644c3a38ed595;114508;18/11/2012
2dcccc8968889c2dd80fa2d32d39c2e114db7c6c;114508;16/11/2012
63dd36205fc7c6193a60cb6862d3b62c074362a3;1894248;23/11/2012
2d778f687e78eab092d563b0e75ae303e777d8af;57207;22/11/2012
5c87852c323c2b4bfd96d00cb11d75d71947837a;57207;22/11/2012
9ba13ba989c5e910a6bc684dbe5460f7a4953bed;114508;18/11/2012
40a14b72b132468f4bbdfc6ff2dca30407cf866e;1894248;14/11/2012
559afcd4e8b6bb7872121d45b2c8f8b4e373ca6d;7288;10/11/2012
59dbd77ef528c57e6eb4aea20b8064b6af897f5e;7288;10/11/2012
7b84e43a10cea3655020d9e013f2ee0e8a5f0eb0;7288;08/11/2012
280305797ee8d7ba5b9cae5aa8a3f84aa5597f50;417751;06/11/2012
eadb03a978838ee5af642217b5a1c5de4774cb9d;114508;29/10/2012
1fa9c048457bf4b219eaaeb3c1e22a72185513c8;114508;25/10/2012
7c7d1f961c0ba4d67d645ddc546faa68f1969937;114508;18/10/2012
4c5e96d17fbc309b1232fa4a72f4d0d7b2245cbf;114508;28/09/2012
b1139933143d5134ffb943fee05ac8c90d4eb57a;114508;27/09/2012
3fe308bf8c8c7fd155dedf383060787bb67186a7;114508;26/09/2012
9cf6cbe818a84dce6a70f9b83899eb73536cf650;114508;26/09/2012
d5eb657ecc4a16d37097df8c971a1f41396877fb;114508;26/09/2012
e31528adfedd817b5fc685cd1062c62d24192e76;114508;26/09/2012
60ced2ccb6649526dd1e2bb6967b417503e903de;114508;26/09/2012
3f874067f59a682e25dde7e6b694462f1d220f1a;114508;26/09/2012
42bf8b36d83bffbb1d4b2f11b58cd96ded64d5ec;352840;28/09/2012
395af9cada0c41f3a8186e7c3a8e502730244fca;352840;02/11/2012
c2df52611009ff1ed78ba61c56062b8ac42e5325;352840;01/11/2012
f2628b32fedf457094ffe3ddbec47915ddfc03d1;114508;31/10/2012
f3d920908a6f1f0728b9fab10d83e5a67b430974;1894248;27/10/2012
b834f2a59031442b5f3f03afface3890cbe7e045;1894248;17/10/2012
380c56e67245cd1c0f11deeed37d20b5e7dfe5e3;352840;24/10/2012
f402a8d9753395edffb4811aa1834ff31a051e27;352840;23/10/2012
b7ca845327b99a9f5f1d1a2d928b1c0dd26416d8;1258798;17/10/2012
35c19715950a8a3f7d809479dc91f021060710c2;1894248;16/10/2012
e521dc16e7439468e9b5e823575126aa6ffe641d;114508;16/10/2012
4f17d94afd02c2d9df7ff2cc568494f194aef15f;7288;28/09/2012
2403c00e59c8f4843f60060520728666fe9eb4f7;1894248;20/09/2012
8ba3c52d50e8c9ab1e6cc91d99640ad6cff284b1;7288;24/09/2012
63e06cbcbf33547151d33643e10a76b2a28b159d;7288;24/09/2012
f29827f201c8307ad4db3b6e95f1e41f4d6635a4;7288;24/09/2012
9a0f8d0e3a6e1e7c03e3472986a3132a950bf70b;7288;24/09/2012
703a4d14e49891198102b72d987bc1724c8b9c4c;7288;23/09/2012
5e91e5355d290309969ea558c361ee56019dfeba;7288;23/09/2012
b9e1ced36f31740ad38465a081323dc62d323f5f;7288;23/09/2012
e5b040ed1a7c249421b0e4f17c1a05fc1bf6c587;7288;23/09/2012
7921cb00e173a76586c7fa7d739f8714d2922630;7288;22/09/2012
58f970a30d57485f843586751465d246ae23ffbd;7288;21/09/2012
32e23339bda9cb8dfb39ecf0b6ff9a853f1a603a;114508;21/09/2012
8ab4209e0ffb2ed48d24c68cb40d68a0d2ac3bb9;7288;21/09/2012
e85140e80f3393d96a6c206cbf2ea5696415b285;52329;11/09/2012
1dbd3715400d7513f782e6cd0d49265bd35fd693;52329;11/09/2012
be767ee98324ac795bb1992ad3f90060e885af88;52329;11/09/2012
2662d5875b95ff26cb1a753a37a177a746c0e48f;52329;11/09/2012
9f8056334e925cc8df18de3afd643cd89b24734e;7288;21/09/2012
18ca114111e3f899566c262be02be752830580a3;7288;21/09/2012
cab2635e66d74b7e665c44400b8b20a8f225153a;7288;21/09/2012
e7c37d4a2bb83b4f5b9676184d35503b710aec4a;1979;19/09/2012
0d63e9c0a8d403b3d73091dca067bb0cb70fd633;7288;19/09/2012
9a25f31715e15c9497be35e8213e11ede3e9bc7d;7288;19/09/2012
26583740c8e6e9bea2a475abd1f4f75c2dbf1a13;114508;18/09/2012
e5ebcf90df6f256ea73b65ce630d2d21c63cd22f;114508;18/09/2012
b1185cd22af96bda11592e311278f40d7f77c4e4;114508;09/09/2012
64fa65edafaa72c882e565074f293022353b6588;7288;18/09/2012
22c8e5610f94051e6be6fbfd3b2253ed26bb1746;7288;18/09/2012
2c4e95ad3e983ebea743142c653ffe36e136bb0d;7288;18/09/2012
62584ce7d4984030f2fb693760abab432ce5f591;1897198;05/09/2012
23fe144a398239d25bf2a6624003274c3c3d6a50;687534;14/09/2012
e33bfedb9adb21c76839175da8ffef28df3eb42d;7288;18/09/2012
af49821cf43ae21f2bc2df1f03513e6f7dbb4aee;1894248;17/09/2012
1558c07a76b8574bcc841d91ca780c2409993cf9;7288;14/09/2012
1ab5c66df869e3092838902d38e86f18c9087371;1188;14/09/2012
795d067f4f554cf4b05bdb0feae8b9fc23a25b95;7288;14/09/2012
27d6f908e4ae956190c7bcd8b99f9ef5047af41f;7288;08/09/2012
3479beb8948d0a540f68c7bf3d550d93812adff4;7288;08/09/2012
bd2137373225c21d016c755c190ff042c2ccbf65;114508;06/09/2012
5cb68a15855ad721126a8a63ad0a3705f280e656;114508;06/09/2012
6217d6b9608b35b5ae9c3bce9bc4fb1f79a6e512;114508;06/09/2012
5b25c6feea66782999c6949b7595d1bbb832c89d;114508;13/08/2012
70d1ff8392bcb85c886ec1ba50e21adcac360374;114508;09/08/2012
a65be87642bc3b16d57e90f3fad6f36ef764dfca;114508;03/08/2012
733d21042bcf0aaea10673c2f67ccefc354aa3a9;114508;27/07/2012
27dc6999195e79cf77cafe6d8f173d1cb6a150ad;114508;24/07/2012
0a0fa917ffcc6a2d81c705ba6ed2711ec735c110;7288;04/09/2012
2e96c7c359ad4b5ca83bdd88c9b65841cdd62f88;7288;04/09/2012
93686d8306d4b112b01c68afc297e5bbd324f66f;7288;04/09/2012
4d95cf27831f8663d27ec799db64ddc25ff24326;7288;03/09/2012
b3a0eeff870197f3ea32e99068954b9865776f44;114508;03/09/2012
3b161b914a8a8206f41f03bd90e7f4d0ba8eef80;7288;03/09/2012
08bd78f7b903f402d86b2a948a484a48658ce348;7288;03/09/2012
094d3381e8f61cc8431e6f3032c20fab75279859;7288;03/09/2012
a5eb729c9d187a90f7be97f29f5bc5f9bcac39c7;7288;02/09/2012
614259df0ec32f5664fa5a3d7fd70678b050a8ca;7288;02/09/2012
4e1735c899f75263667ed39a3e2e429007d4cd2e;291417;03/09/2012
55a660f35a0c9ccf82a0296e83a9b4ff72ce637b;352840;31/08/2012
e7499d0b3332be1d2027238f1001c105b18a2950;352840;31/08/2012
d2c3a078ab50a8abd4b588744416ebfbfe2f905c;352840;31/08/2012
b8c28cd42a63c7fcd1e6432638cf8e6b427e1d53;352840;31/08/2012
fafa01d6ba8497cd013ad6d981bbf1fc4d7c36af;10652;28/08/2012
11e8bb1fcd5e9a0836c186e06f455fdca822247d;352840;20/08/2012
0ea2aa0c35875d051031ac600897bc2c67c8edd9;7288;19/08/2012
ae7f39b4ef4c39cdf4b0ffef9948c3c2e8b7fbea;7288;19/08/2012
be5fe36b9813da5655b7b5bc60e6b5511f013282;7288;04/08/2012
1d23a11bd7604657fefd5e05691ca911f056f5c4;1979;04/08/2012
f6a26033c9770d9e923faebec5e64034fe178638;31125;02/08/2012
b3b3578a1f135d757d7a9348068ea81a7931a3f6;7288;01/08/2012
c191a002770db1d61764aa7aacbb3ca5c96c9a96;7288;01/08/2012
c4de69fcaa8ced0efa72ef2701cf6e28bbb329c6;7288;01/08/2012
9ca88ea6817a78989d1a6c878a1373eb15fd8fd5;7288;30/07/2012
5f88a6b95f6cb56710ccf0d1ece207080893861d;7288;30/07/2012
c3b30ac13654509b2fb3bfbf54789b885eff81a8;7288;15/07/2012
5bafcd4f8cb9141b9815c90616b4ceafa810921b;7288;14/07/2012
d57c8cc0f7ecd857c0671ec029777db0264cbe24;7288;14/07/2012
89593bd63d7cacffdd7efda6fc67ac4aaff751f2;7288;10/07/2012
b11c6de9abfcf373f985b2c6629f34ec28b81ea6;7288;28/07/2012
5f1a636583255d2f51a377b096c22455e7b0248a;7288;21/07/2012
1602394efb271eb2dfc722eb485e8c9e20152ea3;7288;25/07/2012
281d291cfbdac231de4f65eb9757845a93631dd3;7288;15/07/2012
8d0a0b28ed7eefac8ca5c453722ddfae0a0bd762;7288;15/07/2012
b2af7929fbc96a9fb930b73f27c64ecc87374370;7288;15/07/2012
31157fbb98a9765c0043847a3a41359838aad0d0;1979;07/07/2012
0ce4dcd71932669eeb963e4d8162db33db767479;114508;12/07/2012
8d2384fd295572f19c1da5c088b2fc615247ff5e;114508;12/07/2012
b54612bf68d1e318a96b51b26fc02fc878db1a3a;7288;13/07/2012
1b2a84df9c56a2f22c2f4449fd2113e8c696a05c;57207;04/07/2012
bf6fd70c88ee361a0467377d5f0874abab626dc3;57207;04/07/2012
11044a8fbd81b476808323c32b6db9a58f0a9101;41547;01/07/2012
25c48d2ed5e7af502689082c6b6f5c8efc5cf559;41547;01/07/2012
5f0ed88a90b716a6a232c13fef6d5bedc4fee8b1;114508;05/07/2012
ea83351da3b3232f0e4676ec6c2cd2cff0aecff6;114508;11/07/2012
f869e8408d59593df447a260f9ee99f25b23b2f6;114508;05/07/2012
0b04f0a6723dba4d38b834452839dc99e7d65d86;114508;05/07/2012
008019ae10ad3cb1fce4749dcf2b3813f3edac4b;114508;04/07/2012
6ce27bbefaa30e756b2e4d9e8c0653d5f53e09c7;7288;13/07/2012
0632658afec4a110d3cb981118aea4914369e107;7288;13/07/2012
0ce2974ff7f629af68eba253cff030c1ebf05c71;223481;28/06/2012
a02cf639849232a46c1b6efcdee8b9e7860e6320;223481;28/06/2012
2555cb448c665065e12178c801d4a5dd92dce3c5;223481;28/06/2012
15204cb8ae10085894e0fc7913132f94435d057b;223481;26/06/2012
5015dbec2a30c277cf4c9ffaea9b9033a2248def;223481;24/06/2012
893108ad1145ff6a078b07ade4bf35728a134ef7;223481;24/06/2012
ba3eabb29e648e476900cc71306e5d640ff250d1;223481;24/06/2012
b22e995337b8856ccb7fc9f66003c704bd4b1a94;223481;23/06/2012
fdd727e5da69139e79949e8e239023c55b205b6a;223481;23/06/2012
70925a873bb79e17a408e71ee4ac4ab6e26f4433;223481;23/06/2012
2cfffa029ac97b0658462f599c6b690caa73080a;223481;23/06/2012
945a4c0f8c72760a86ebbb9cd527e87cc0b55792;223481;23/06/2012
7892ff3b3eb049008358c75dd5ba37ab8bae87fb;1979;09/07/2012
1bcacde12c01f4a06f3c72fb8e199494ba90b231;1979;25/06/2012
c0e8aa996fb529350d129baf2280d9d3ba374331;7288;07/07/2012
940e0089ba1d2db33bb4fdf0e7c0852ae5a6307e;7288;07/07/2012
95186c653ec195ab9b77a90fe292d6f66c583437;1979;07/07/2012
13d929f3dc9dc1ac9880bd1c53b0a979813ac978;7288;05/07/2012
516c70b4fd92f85d930dc5367673140e55c5acfc;7288;04/07/2012
7409ec62d07d9ba60be2ec552fb4f8719e8c1203;114508;03/07/2012
df0f70f0b7cbf4d2ff46e6c19138c379dfaf010a;7288;29/06/2012
e05c887c961a32ec5b9746ececf4829ff563f4e6;1979;29/06/2012
5f510967dbefb6a71310096ae2acaa4512640d51;1979;29/06/2012
a714bab04bcc7b48cdf2a25e6a86c3043fb4770a;1979;29/06/2012
13c1c164d9b9ad449ee3dfed683bfa4c5e912487;1979;27/06/2012
59f6bb9496c953df478db647167cdc4a63902aab;7288;26/06/2012
ca7e8bb8f3a3da8ea157689e7189afa231bae9fa;7288;25/06/2012
5ad891c2f36dfd5e2c855812fb9696caf40f09c5;114508;25/06/2012
3da512370e300513eea301371fb30d694d203df5;7288;21/06/2012
91d31ffe9e695d8c3918359729bbae8efd416e60;7288;21/06/2012
9c053416988da55a5a7a6d29bacca3f25207ec75;7288;21/06/2012
8c46d6db837a8645285f285a401186958ff420a0;7288;21/06/2012
06e424b6144355e3deb49930c1ac725438333c31;7288;20/06/2012
eca983cddab064fe4d700e0289c886bfeda6421e;1979;20/06/2012
959f8ca32330f088facf8cfc29ba7e7cafbab908;7288;20/06/2012
7ff61604e33690fd3567872d9d1a3d2c0a6353dd;1979;19/06/2012
d0ee703529cc444887cf9109cbb7d4b54007ccfb;1979;19/06/2012
78d23935a5f69b60f01d392b911d4d35dec483a7;7288;19/06/2012
23469d6cdebdb7ae93bde3fa291cbf2897032ebe;7288;19/06/2012
e5f695a0b43bba84641c0d5a9fdeb981396ed639;7288;19/06/2012
fe784b45e6e9fc76d9fb714f860c87e63f8d852a;1979;18/06/2012
aa533a56590dc82aaa449b83fc79fce797187f3a;1979;18/06/2012
439a58eaeec4fd94d6dd1e746b68f6df7ed66762;1979;18/06/2012
c3c65df12d45a053cd8f098e371f759b575afc69;7288;18/06/2012
1a3be3bbce1465f8ead4e1660a6e23954ef7c53d;425489;18/06/2012
37cfc05a9b0adfc16abaabee3a27dc1be6c27afa;7288;18/06/2012
b443b7add8815cc71a0cd7cb7f8ba9553dfb1323;114508;18/06/2012
bd6f1f2ffe45bde5a5c4919b27f5a77e7631ddc3;114508;18/06/2012
55efadc9260ff3c9468905a8253b4892d4718f25;114508;18/06/2012
a272d660a633ff0c92ccc3f83ed3981a520c17cb;7288;17/06/2012
1b621e9f50aa110fd35bd78ebf98c66b39da96a1;1979;17/06/2012
804a7f3df4f2fdc5d6f8da08227ed3b9da3c4f1e;7288;17/06/2012
70c09ba6201643d752e13c755b725a537c994d8d;7288;17/06/2012
593f4a590bc7770e88160967afdcd8e9bb8fd848;7288;17/06/2012
ead8066c573e10a8527e6a70b48a8af5168381b3;7288;17/06/2012
c9cf14f221f58a3daf585c47313da6fced0276bc;1979;16/06/2012
d2290a60a9c70be9657e5b313958ede5190ce4bf;1979;13/06/2012
a61d5e540036431825632a55c219dc49771465d7;7288;16/06/2012
744df380714a3773f806db50a6e42885c7d2a722;1533613;21/05/2012
94a1fbecdb407c54552a24b35dec3230c5a32917;291417;16/06/2012
77052e60a82407d7887ac4d6f697174722bf5dd2;291417;16/06/2012
1014efe26f5f42adecde873866157dd28a8647fa;114508;14/06/2012
f40b7ab730e5551e71eaa5cffb2a521a7f5acbe5;114508;18/05/2012
f386f7d48470a442e7ce7a89fc8cb4ca7daea5af;114508;30/05/2012
40fd210c99568aa013947925dac3c37f3d9134b1;605880;15/06/2012
c153a2816e1af63c06fec4dae0cbf277ce099f83;605880;12/06/2012
38c3f862b37ed8330557fd02f4d52073ed845ae7;71;07/06/2012
28d507d24fcfb73c28de57cf84a6420665bceaa8;1979;05/06/2012
51ab11c6d95178037f1e53013cb50bb3ce4fdfb8;114508;16/05/2012
ebc1855483d4ba59cd2d25d206b30bab4c80e6c6;114508;16/05/2012
caf13651b73251b7b6fcf92674f8d5ea754dd372;114508;12/05/2012
945b845d35cf66a1154d3e5af6172967093972b9;114508;09/05/2012
7919387c7155cfcd955160cdeb46975012545267;291417;14/06/2012
37003332ac35eefc1fc96480737b77614265512a;7288;14/06/2012
eedf2441b95d736bf988814b94df1fe8345db99c;1979;13/06/2012
834d9f589177b70c2ad71aa8c5558fb965bee426;425489;12/06/2012
cec3fdd8a0c7f8d6891f780fa907e14e94721d0c;7288;12/06/2012
8d366f9328ddaa657fdadefb8de183dd1e00f539;7288;12/06/2012
cd65c63af1e6befda55018c37e459c1c3a6f97c4;7288;12/06/2012
bbbd6a22d7cd03bf2559c6fd6c9964faba6d7984;1979;10/06/2012
e781f243dc729a118a704d6e76bde3377e8fb43f;1979;10/06/2012
f7ecf6ccb91249a89c19769a4818a13f065cb2d6;1979;10/06/2012
fb7a5191f98eac305c03d7b392c0bc6c349cbcf6;7288;09/06/2012
293865ceebbb8867e5dba84b63169700936e4694;7288;08/06/2012
1b53adec2b9325fc54a528b45973956d17095112;1979;05/06/2012
5c2e330a155739cb7eb397774cf3daf14bd653e6;57207;01/06/2012
8f7ee0ecd8572357ba7da8feae24b0eab512d375;1979;05/06/2012
0fa15e51c9d159d0c8d9962bf7c184060c01cab4;1979;05/06/2012
7448af2f691c0260f7f05b18ffb119b999f5baf5;7288;03/06/2012
be4686ab0414017046bfdae828480babbd4c734d;1979;03/06/2012
c8e311d79d91a69dcc435f42ba21a63a11398cea;7288;02/06/2012
412c3f4246811e145e2d5f0eb02fd93b33cd23a7;104052;02/06/2012
1989184fa1bf21e052e76530888213f98557249e;7288;02/06/2012
824ad9d9d85c00a920b7b7d46cc28143095b15a6;7288;02/06/2012
ad91d651a8ed419499861e0a6b57fac04545b59e;1979;28/05/2012
c85a26a2291792fe47259a72e78c662eb662e315;291417;19/05/2012
ca60a585962f6b869fd369c6b39e3c6502290519;7288;18/05/2012
1125b86e722d32daf769699bb26472f96774e919;383212;16/05/2012
71425850f61ad85e33741ed5a59364327532f6a8;7288;07/05/2012
54c41ae77a206050c8be57bdc44a60e646b0e385;1979;07/05/2012
479b827b66a3852a46465ca305d56155279b63fa;1979;07/05/2012
4669c16e64b8986f76555665957bb22f10d81041;57207;03/05/2012
bf029ae65a39d0d620e2b5baa5c31e1995726d69;57207;02/05/2012
b3d74c9a6c8356db5c6ef7431a87ff0904445dbb;57207;25/04/2012
e185a5c2b698fce97bb5ef765e96f60710af7ef8;57207;25/04/2012
2c4e7b6a7e72a72c3b687e599ddc6846f4c5f178;57207;20/04/2012
3a84eb6d16e785eb933f29666513ad59127d974b;57207;18/04/2012
d937e6e05a2dd0950c4beb41690f2506e358ed57;7288;17/04/2012
edc93dc8d0d9b41275eb06f7f4463a3bd3050db0;7288;16/04/2012
5a46423d2866d6a06773287254c1cb396dbdbfc3;7288;15/04/2012
24a9665c4d9d3e2690599e60b8699af679a45c2d;57207;11/04/2012
67d2e8c2f71431860dfc2ebd89789f3dada3dd6c;57207;11/04/2012
d6f18f7f8b50c59b8d7f37d80ad5a4c6b39962cc;7288;11/04/2012
f6f139e99f606b3c3c0f326c0e084a6463dce1ed;7288;11/04/2012
81794f9096c3934f41e54bd09f8942994698d8fc;7288;11/04/2012
afb0707c9db7b5e693ad1b216a50081565c08ebb;7288;02/04/2012
29d98196b9447323d011765b397391a812d9abae;7288;01/04/2012
7ec234801b3c78f6bd72c80dba3b188c9f81ec28;7288;01/04/2012
71323e3be194081747844bdabd4f7ef4ca197c9b;7288;01/04/2012
8c645ecd797ef7236851c0619eb2f744b4772ec0;605880;26/03/2012
14b1ec6688a5960429a45a9bed3e4277ea015892;7288;23/03/2012
ac771a22b97f930fcab2cc5ab2b0bdb4f95ae757;114508;23/03/2012
03e47a1712ce7dd6f5db20000f708cfb7705da85;114508;23/03/2012
40b1590cbbe25fd9969dc2394ec4630873e9200a;114508;23/03/2012
59c4e32c602aa2e3e43494402cbf3069a7595c1e;114508;23/03/2012
3a6c243ca900efe1902b1631f85595b3abce1d38;7288;23/03/2012
fcc0ff7baece1713550c17a4b6caa1cc6d76b0ca;7288;23/03/2012
985d9c58f2df421dcd0ac5b591916322ea759424;114508;22/03/2012
775c2ad2aff6849ab024445bad4db307d8c61fc1;114508;22/03/2012
8db267bb560f6ff994dc8eb79b058eb9e985083f;7288;21/03/2012
f3cfb74cfc4aacc72925a268bfbe5e6bbcb396b3;7288;21/03/2012
b6d13a3ac7797474f4bfec7ba13481807ed38251;114508;20/03/2012
39ab313200081d4ba0c9b975dfd3c6c2380bb7dc;114508;20/03/2012
eb112f5c3d763da32ba777d7912dfccb80779c60;7288;20/03/2012
b0de295132abab554a825c1239763de83ca73b7a;7288;20/03/2012
173157555e8c72d9326a86483b158fd175a9041c;7288;20/03/2012
adcb14dd0e01d3a84c2e8218f7103ba172d78f7a;1979;18/03/2012
8f93ca08eac477fa31f7ee2909ad645e953168bd;1979;18/03/2012
35e8c949256d5bdadb5187971a7c78daf37be325;1979;18/03/2012
a48770cba365932713b638461925f907c14d0a94;1979;17/03/2012
afe570484fe90c4a8dab3080edf2ebfa00ac14f5;1979;17/03/2012
c6091b48c16da9dfeab107b79eb77d93a86fea06;7288;17/03/2012
c2c80c0e96127597f4b0fa15fd447dcdb8727059;7288;16/03/2012
d9404c0ab839e57dbfb78116add32db8ec8a2ecc;7288;16/03/2012
59a777e348ac4745362d33fae73c4f73a75ced49;7288;16/03/2012
8c7b586f03b7bf3051f10dc9474df1b3f94941fb;7288;16/03/2012
a59f11b7ccba6900b552db2df388b6d5adceb31b;7288;16/03/2012
8673597bc4e3a4d9f66e92be36d0e81fc200b181;7288;15/03/2012
26b28d7842fc5e178918cc7ba3301a0132aae9ea;7288;15/03/2012
756d0d3166da8bcdbac4c9bafcaa21b27f0b2d6a;7288;15/03/2012
b7d7cfc542abe12779187984aa7d7b4f35a957ba;7288;15/03/2012
b73ec44796af086acb5d7cdc104374fbd577c769;189989;14/01/2012
545a3f76b45228f1a403e103899b473bd7d218c4;7288;15/03/2012
119e1ba516deee21bcf91c6c5f276b6df950cd24;7288;15/03/2012
6e929f5fe2c54e35cf79ad7b96ea093bee401448;1979;14/03/2012
6c7b0207f467cba818bdb36e6a53ebb740b79c63;7288;14/03/2012
21fd5b67165ac66dc5515113e40954b4a80b3788;57207;14/03/2012
6c8a1c2dc1d9e33bf77224e2a3a2124236d56849;7288;14/03/2012
c78ae190a9f3aeb5a5df1c1145003f84c61ce50f;7288;14/03/2012
83af966d946d0e663a7b0fdbdcc5990379874f69;7288;14/03/2012
6de3e7fdb907c49b369d6580e1fa450634821fcc;7288;14/03/2012
4c3897fece4af7d89cb13e2a5a626f79ff60e9d3;7288;14/03/2012
f7ec1533d6fcff644306995e9290ba21e360f305;7288;13/03/2012
7b909bfe452cdb0329884ee7f6ea5e4d8711f7c5;57207;13/03/2012
46569882096b9affafc708095b64687a1596e606;7288;13/03/2012
35afa8fc9951da77af623577d89ca9b01941ecf3;7288;13/03/2012
8965adf7d23651355fcdab9187c2245b9a16c686;7288;13/03/2012
c12f1aab4af3c09a4b0771ac8a52e620af4d86b2;7288;13/03/2012
21106b4289d6636bd670df9fa7a1643f3179e7c4;7288;13/03/2012
74d4a6bd9063cf03788f5c0956457ab0a342572a;7288;13/03/2012
5eb9d8a10270d3e42e5b3eebf5a9754e26672be9;31125;11/03/2012
7615582e0c93c5a6a6abe8b8749d14bbbaeeb9fd;661424;06/03/2012
2451001d817df18e0182cbed64f7c0957e142498;114508;12/03/2012
775c94942d7e221ec1693ebc58c85654bb22b76d;7288;09/03/2012
13d4f28ece00dcd2bf126692c12a703347236c98;7288;09/03/2012
ac699a4d906ce22d830c438b8527eb72d08a6b25;7288;09/03/2012
ac906391d4f9d97f6fb836f49aa8828cbea22a2b;57207;06/03/2012
a398b3fec0625ecbd3772f0b6094929dda38d482;7288;09/03/2012
8c01f46e4d97e65ae5e7d400dfff10580eda1778;7288;09/03/2012
de13c551fbb0e80d1623d775e1dd0bc4c8e39e2a;7288;08/03/2012
1faf94de11efa2832656f52786f4def4812dad16;7288;08/03/2012
cbe64f0f0f9b56d6aac2ec5ffe81e268ac992607;7288;07/03/2012
08fc50d149745b078c9fd73a213c8c83307beaa2;7288;07/03/2012
6299e146415ebda81a361ca929ce0a8c8e26e11e;7288;07/03/2012
b7a69df6ec963190a81f67500ef11b20b1eb0427;7288;07/03/2012
714642c66ce95f0ef41f12770ac0b9e38002121b;7288;07/03/2012
4ccfa463b98c5477529ed20b87c3f8385db51a2c;7288;07/03/2012
33f436d703ab560370c0a2d89ff9b86a203b28d0;7288;07/03/2012
685c5f5725bcd0208705b973fdd27b475e265aee;7288;07/03/2012
36cd85a475fed3d3fdb22f157e7849b63354d21f;7288;07/03/2012
df93134703ae6b373e9c4f615ba30ef8e0567f2c;7288;07/03/2012
cbdd80e98ea1eb29d5d3a9c65c84798b472b59b1;7288;07/03/2012
f34e8b152802a5cc54decb116be5af25c1dfabe2;1938;06/03/2012
49c2900767566ff0db8d2ea941d1f72fca02f36f;114508;05/03/2012
1ae3c5aa2b882e0e96478b7dcb3f93fcb8d183a9;7288;05/03/2012
4b3bb8e049d35f3ddd467624bbb6ff435d5292d6;7288;05/03/2012
61a3bf90216ca3903bc738880bf3a3660c9eabb3;114508;05/01/2012
a0ef8cb8985cbbb9d4b2034af8b995f66a3ae8eb;57207;28/02/2012
9943ae541b26548209fe0c86cac4f9dd0a9ab92f;57207;28/02/2012
0d77f588ec41309c1651ab6ce037e5fef0b6d25b;7288;18/02/2012
ee4cc1125f4e415c3f862664fb8137580e461835;7288;18/02/2012
61c4e4b2613de8dddd8daba0ff01bc60e15438bb;7288;18/02/2012
da078de819a339403478a74d02319856d7531497;7288;18/02/2012
ddc0a7d62321d56bd9e5cb39e6c79edb07bb8259;189133;22/02/2012
61eb86782b0dbdf1cf54d876ef9ad7b3b7fd1377;57207;29/02/2012
e88e008ecf742f705feba07fa9ada3d21f802c82;1979;26/02/2012
d17bf8c825897258b9f707630514d47ac100140c;1979;25/02/2012
4515332d9dec72ee8e6d57272d26f3f84009f33f;7288;23/02/2012
a638a0733992730f3bd6e2ea3d11b4ec960f51fb;57207;23/02/2012
cd0567e8cdc144ea3f9b9057371c1a865680eba7;605880;19/02/2012
5a53b7ad55a8c78eb395d03129e8b8b2c528ae33;240981;13/02/2012
9d1c2e90ac37b9101919acbadd9a338bd3282b8d;240981;13/02/2012
1411ebdff630491ea0de3b58faf4d5171778f5f7;57207;15/02/2012
b224feb246e34ef1cd67daf495ec1d4f187272c0;57207;15/02/2012
bbce8920d0a56874daba39c7d69f64e3d64c2eb8;67976;10/02/2012
7fa13832ef7b6c8931bb25619e890f1ed969c165;1979;05/01/2012
32b3e06ab42f9911ec4e9d0f510510df1c918df1;189989;05/02/2012
9123e4b01fbb44aebab9896233a77c07f4aa3bbd;189989;04/02/2012
28071ebcaeacdb5035951c16c5eb90b3f12e0fa7;265349;23/01/2012
e734c3180fee4c4aa34147aaf12cff6a1c89198b;265349;22/01/2012
c22dfdc576fccd20db53e11a92cb349aa3cd0b2b;189989;02/02/2012
21906c5536eb0ffba8a2903d48bec7e4b8f21898;189989;02/02/2012
f6c29b16c1f961f496710c942ba51b0992fbd814;7288;16/01/2012
1770a4fd33987c7b54b852346ad084957e180bb4;7288;16/01/2012
12504321e1466ac797e91f07026bef73c18f3273;189989;09/01/2012
ada732f4f455bfad3483ca49b8d21d66b1870bce;7288;08/01/2012
2ed8acb63056a566bc8f88977d47c2651b8d1b7f;7288;05/01/2012
1531595d2e2a44c3b9ef425d78fa38614e3ab493;114508;04/01/2012
e5cd882e6a64570cba9f5040a2b9a17d99d68373;114508;04/01/2012
e7ab5e31dadfd19169d7dae64173372e86bd73c9;114508;04/01/2012
e4f1eb7f991df2a57fb55fd414883b1db4c0a7de;114508;04/01/2012
4fd7fb9d40cdbcbe560a5b6e261a292f0cf46246;114508;04/01/2012
7f42c28024fa585414843073b6bc83a4707b1ccc;114508;04/01/2012
66a79203b1d6dfbe96e5b3c55741b15ddc8be428;31125;03/01/2012
037009fefea51df1531d825a3d1bd6e3af6f481a;7288;30/12/2011
84cd6a61adfb310c8b1bc4a2f7bc4535c2140199;7288;30/12/2011
4e5319771ca326e1aedc1f2fa8d3902ebab4062c;7288;30/12/2011
e6b6f2ec2e3426466c9241b334d49ca691aebdcc;1979;30/12/2011
39e4485ce39b0b8052b964ebbd89442b05dae162;1979;30/12/2011
977e1aab17a0bcfde18b3bad710ca136230972d8;1979;30/12/2011
00a8e72fb306d0cedca399425a11b862f2fb27ea;1979;30/12/2011
30134bab5d4eb2cad76747cd69159140785d6cc3;7288;30/12/2011
91b272760b528376f3b3d665e1a76afadecd0046;428199;26/12/2011
48027a3f013867e2462fc0c6623252372cae00c2;7288;25/12/2011
195bb7238c327f47b4102b8a0d83539582ec1e13;7288;24/12/2011
7592806fb86017f523ecafe45eef7fc5b6f22a68;7288;24/12/2011
bb07cb941e8176ae07b47311b323017b3f728499;7288;23/12/2011
a383afefd0ba5e7d017d9568a34c852344bb3956;7288;20/12/2011
b465acf5d38d8071301873ee2ec0a34df8a55220;7288;23/12/2011
6356c28ba3501968a5de8d79ff2f83462d193b01;7288;23/12/2011
7ad2f213c8ef52e8b06cef9eb7c0edd3a7f08a0d;7288;23/12/2011
90252916a69f1180ffb846352fe1d807c31011db;7288;23/12/2011
93dd47837025cad3f079312abb6aa96155df37b3;7288;21/12/2011
9ca1a4042cf85be81b1087b2c2e28e38887e061b;7288;21/12/2011
1e8b0a733654d091eb1de131592905cdfa063795;7288;21/12/2011
f7675b162793edb82481af34ec4ded1574c27b36;7288;20/12/2011
7c07bd43d2c28e7e38e7dc65375395c5e376b20d;7288;20/12/2011
24f6325308d17f4f1463a74c734499b44edc38c2;7288;20/12/2011
5528c046db5eddd84c8eba54a0e4fbb23209b0f8;7288;20/12/2011
f3277bc5e9b11be0e76798dca524c044b203d759;7288;20/12/2011
feafb4f5a33bbd002fa9e165d847a6afbcecda56;7288;20/12/2011
446abdbd7eb2049de70a750e041485f0fadc85aa;7288;20/12/2011
471e12a375c933563d7ac9d51bed5fa95fa7d930;7288;20/12/2011
d5bc2b8192907266e1c04f63fb7500e143330983;7288;20/12/2011
9eae7f101b0460346db93d69c8e89e02b0ad0314;7288;19/12/2011
32203d9a97c45c2eefb4dc3cc0f8a9bea3831988;7288;19/12/2011
2823674ec2f33c3959430f6cd4a4c180080087af;7288;19/12/2011
6983f6bdf16903aa030b05c0eb61009d376e5bb8;7288;19/12/2011
6f096e1ed7a833884182a69cc4c83d263f596462;7288;13/12/2011
15ac9ab291e87e10b4e4854237086d212e744fa3;171705;13/12/2011
3c0957834cf40014ab0d4e7312dd0d32cf6ada3b;7288;11/12/2011
d9d2ce73e9167349349fca2d24995d03eced2785;7288;11/12/2011
84a339b10a18f321bd31597266e7be7c13ea7837;7288;11/12/2011
ddd7774f8778f34b924b9d5ebca171c1417ac942;7288;11/12/2011
b460ad3f574b21edccd6865bd6f0a9a5c9999bb7;7288;11/12/2011
38269c7b3566179dd9a825230a4ddfad95cf1cdc;1979;06/12/2011
2ffcd1375ffa102332d9d1f8c55008a048aad4d1;1176288;29/11/2011
ac954794244b147d018e4fa309cbc041e5c100df;7288;22/11/2011
6c0f723aa9cdf84a27af408645c8fb6d70b638f0;7288;21/11/2011
717c4af108e5c541413c3d1f3b1457d8926c341f;1979;21/11/2011
61f44342471a4ac49ab8280ab61b92e17a74e76c;7288;17/11/2011
f77046ea1653746a5dc63470488f71cffc8156f0;7288;17/11/2011
d5b2d110fbd819219daffc1a64537cc4ee53694b;67976;16/11/2011
f22877d625ac9e4a4ba54d47e780e9b4228eccd4;67976;16/11/2011
fbdbcd7f69f471b17075b739373b31f568083e43;67976;16/11/2011
610fb41922eb63ddf6fec90bb80742262e8d7bf1;67976;25/10/2011
fa4391d514ee5abb375d9726449122ef4ee334b3;7288;15/11/2011
46a5ccf1e5e45a8980f26c32be9fadcb3ee863bc;57207;15/11/2011
bd2052631f9c98149e12fae8974ce3ed9c79e36c;57207;07/11/2011
5eaf70595554e2589c2f33339836327d2e1dec61;57207;07/11/2011
667c58542481eeeeb8394f01f723e0edf5dddfe7;57207;07/11/2011
36e8a3e87c3ad170eb5babe12ec7fe1a988f3dc8;57207;07/11/2011
e5a35d6416d8048f70d289020c5351f062f434b8;57207;07/11/2011
6376ff0cb9f88e9a4372f7d2b1419d9926ac3d2c;57207;07/11/2011
a6bde751a9734e1f725fd072792fb7b38aaaf93c;57207;07/11/2011
705eda88238cddc695190be7ffd271dc65c63667;57207;07/11/2011
245eec551f8b624705e21f47ed94d8ea63899eca;57207;07/11/2011
f30bfa9fb75203b554d214f566ec3e216ed46efe;57207;07/11/2011
0abdc7f9ed8d863531b874a81452ea0dbdcd641c;57207;05/11/2011
73705e484b362a0472b461bfa8ec1b316cf2f945;57207;15/11/2011
c3179c3deeae540ba8fa6e76b4e16376cf36d54e;57207;05/11/2011
feed6fdc72edc3af6c580f4272ecaab407750129;62493;20/08/2011
2e43d7da15b60429ad041e85c0c58a1eab8a8a2a;62493;20/08/2011
71ffff002fd1df02bf3e9123cf0bce60fff0819b;62493;19/08/2011
cd9f40b22d2145948e25302c961688a69515ab70;8788;09/11/2011
d91c5af9b2d3056c97037564b3f6340697629f60;8788;26/09/2011
d8494a3f3783014c2d4fd95a7b4b0e76dd6c8415;7288;06/11/2011
04e281e36527c129630d419f94d92ece6986c935;7288;04/11/2011
ada7611cda8397f25b79851c8e704f0d283720f7;7288;04/11/2011
f1b03e84d92225aaf7352320467aeaedebab9210;7288;29/10/2011
708c8e47197985550208806d11cda31475ddeb2e;7288;29/10/2011
8ffd7a2403933224c20223d50f72ee9986b2f0e2;7288;25/10/2011
f18fd5372fb484e4dc13db72fa00d844dc2fc740;7288;25/10/2011
b032d59297f9f0128fedbc474b7ca0be9be8ac0b;7288;18/10/2011
d4abd3b71bfadd09fc603b3a598bb6c22d99adca;7288;18/10/2011
19b32cff0a73b869da70890fcf2d90514d828cb7;114508;16/10/2011
3c11109e28908bf7c75058715f18e9df5a3ae32f;7288;07/10/2011
56f470e3a14ab2a4c20beb0be4745cf237f9c4f3;18454;06/10/2011
fe20c0987d157fc30d7ea4d4f0342f58923b2a97;7288;06/10/2011
3ba6649706b045aba588c3bd215fc3a7cf0ee469;7288;05/10/2011
a00d453fcd38c7eb8c7d0938512a253a771364c8;7288;05/10/2011
bf9a68ed430d39f7b5e4be73dc0d7c6fdaccdf63;31125;05/10/2011
b8e69788d1edf213a0b50ec230cd4d814322b775;7288;04/10/2011
1b7564ec3c8eab4f86302496ca7dcae662bef683;7288;24/09/2011
72279ca3357dae07d2c659ed8ccc2417df251eaa;7288;23/09/2011
eb255817c54ba52562815161047396030886f0ec;7288;21/09/2011
8b0f13309a86809fa0132aa4d79ce2235e222c3f;7288;21/09/2011
428c386cb89e1e35c017c42fbfbee9bf7888e96e;7288;21/09/2011
cec8b5672ef96b7063b016ac32c4181c3eb2f280;39992;20/09/2011
7c39b715a3b3841c19226c43bb5240ef47d71f05;7288;18/09/2011
caab0951bfda03cdce6c53b182c9a96f35e744b3;189989;18/09/2011
4d8be6bd5d773779b879cdd8593e56fa5a7849aa;7288;18/09/2011
2b5f24c482361c1ae94fc82a0e0c366b6ff088f0;189989;18/09/2011
f75bc156bae1b0c0cc55d8d719ef564e45796514;7288;17/09/2011
1178637805e967fc3698b84451ec557ff338daa8;7288;17/09/2011
f0aec8d3fba844fbdb2165655ebf5035098f257a;7288;17/09/2011
2d0e4fc57c8aa025cd8bbaa57091fe3df5277099;7288;17/09/2011
76de8680755719c5d4d3da485895ba59c025b24f;7288;17/09/2011
e8b565547441f050e39562006fdd9e091b14a76d;7288;16/09/2011
4544b129c970645fc64755bcc370f37dbfc9d001;7288;16/09/2011
df93935d52b61929c7a12b67364afdb79b3b3dc7;7288;16/09/2011
d3c3110e3d01c1193d8bc469c24e4d2c9bbb6d07;7288;16/09/2011
5449251a6c1db1f0af1959e7e07b04c467295761;7288;15/09/2011
6d42bc012355b9871cdffe6179d5f23748b105e2;7288;15/09/2011
eb95355a28dae8eed7322639ddb9273516b0fc40;7288;15/09/2011
a169fabc0f116e850caea97912826b016107143d;7288;15/09/2011
20ed9a92655087e2515562cf40ca2e8d1c31b9e4;7288;15/09/2011
78815023e55c0b4647c04c57678b7da0ae020afb;7288;15/09/2011
f73108a1d81313813212081c597e21055f5fc96d;7288;15/09/2011
b0a5b6dbaddefc0292d7cee1570a54c53a0a7af4;7288;15/09/2011
37404ba179f510352d59e126c2089bfd0f1d4534;7288;15/09/2011
7a9b6b4fec3108ccd2a0a3a3dc333cee490718af;7288;15/09/2011
ac9be2a0d47ef16b13a8d8f349da4f3dd763aaff;7288;15/09/2011
e07307ec1d3911003ba957897d2ab470bc1874db;7288;15/09/2011
4bd0ad233124e7f1bd5860385f15820fa5276ac0;7288;15/09/2011
e0e5535e0e2982ebbdaad56c05cfe3af2bbd8fe6;114508;12/09/2011
e960279ff26048fd7a366b86bae82ed178564127;7288;11/09/2011
1ed381c95f7f8a01890c7ea3f85983fe6266c66c;7288;11/09/2011
b6102d7f6ef2a66bc3d35f6f0c86fdcdcdc108bf;7288;11/09/2011
d90d11b551d9cd8c15b2e9397d765babdf34877e;7288;11/09/2011
bcd01d222b67f9e10f5ec9c75a20d6c26b3dffed;7288;10/09/2011
b20aa4345efc0cc57f450e5344c88914fcff98ef;7288;10/09/2011
1fd9c20835426d89eea5d4f342558aa61bcc7a8a;7288;10/09/2011
293c7a44985d67561cb5678b5a40f56aa2207d42;7288;10/09/2011
53b70172a199713f50300319e7b7e7c28b1a4939;7288;10/09/2011
b68e06a11c9669a78d1411fe4c0d6b0c152ef1fb;7288;10/09/2011
7a2fd4e93c8f1abe807d32a769648b641154a4e0;7288;09/09/2011
f5c2b7f69ba80e07e12464505dbb43ae00ce61e9;7288;09/09/2011
d844d5404f429d426909532c03ecc69de27490b1;7288;09/09/2011
f7162f7302ad32c3b8b0e7a6ba35c16effaa16f9;7288;09/09/2011
e67428382193d21d752b334e2e154312aa2e4440;7288;09/09/2011
64bc80d0804d62bdae80e14056731edaec7afd2d;7288;09/09/2011
a62299214d481964818fd2918a9ec9d5da2c7533;7288;09/09/2011
4fb37aa0ccb344622d3e3f20488b8f17f067f943;7288;09/09/2011
2b83a522516af90f14d179699d8b6bdb6b5f74dd;7288;09/09/2011
b412aba06d093d5896eecbf6da9639a558495c32;7288;08/09/2011
6a79ea7e6d93543421ecb37c54f93a5fa515f3ca;7288;08/09/2011
67be09ec804518f2beac98990c57c70a6728a814;7288;08/09/2011
080eb26a11ba2cb915110155dd8a9bbfef37133c;7288;08/09/2011
d94b0c4fbb43c299ee8e7e0e1c21902f9bea9b4e;7288;08/09/2011
e45c5328b9471a8e93e359312658cbd59ed59253;7288;08/09/2011
059e72588c532c9590b114a8d8597bbac1f14b3a;7288;07/09/2011
d35f81bbdaa27954201c3bf8e2ef32895695d13a;7288;06/09/2011
bc348c5a3500901cea3dbb20de250354fe1cedd8;7288;06/09/2011
962f99fa774337c3c71e85666d86cad6b3659bad;7288;06/09/2011
e14c07f288af9422c25958589c8212bc1c09702b;7288;06/09/2011
07c6eb81f56d8c423673688a0cb2c32f301f7d6b;7288;06/09/2011
3dc9fe53a020635d5179bba43251e98b67e8c4ae;7288;06/09/2011
c0e179d59ecf391472922935b79c989ba9452208;7288;06/09/2011
cebe64ec31bc3e0e6e236dac0a2cc0fffd7150d5;7288;06/09/2011
7aa5ec5347168959092406cb59026deef7ecc27b;7288;06/09/2011
5753e739a88775643b3e339e7fd220ca5f11881e;7288;06/09/2011
d29fb285a825941768fdf5ad8e407e225c4732b5;7288;06/09/2011
774070809f9e096b3c77b51edf09f72df07f0a90;422013;05/09/2011
7cd76309e6e80e89ec1c5ecb0d0d07d70479a2c5;7288;05/09/2011
88991207c2e5ffc0e6c41f5d55759606839dbc5e;114508;04/09/2011
8c15c80b1485af5673f282dfae1356da5d341e97;114508;04/09/2011
5889ef75e93db00bef3432bab8aa40cb3863e2d2;7288;04/09/2011
c4a1081e5401e237bdbb3a24e9b78897a78c892c;7288;04/09/2011
461d533348ed36ebf59a2c70d63851f9e2c1c54e;32777;02/09/2011
af71868c235c15e8525069f48cf1845674f7a104;32777;02/09/2011
2d9f0424e4e8b560a7c70ac15ce882e02d6bcf21;7288;02/09/2011
f83b9a5ba78e627b5edf57c2d06e291802c50bd0;114508;31/08/2011
750e1e98c40e5334fec8d5d52d8c78cb5a306c91;114508;31/08/2011
31c2decbd3794a54531d59051b65e8567b1e843d;114508;31/08/2011
12171fc9c6bbdb30876ac1261b92f4ba24f438c2;114508;31/08/2011
715f1a7fc3c344f49892c700a7ae66cf04af85e7;114508;31/08/2011
4a6154b5bd074907d4ba414efe18ed74ea4240ca;7288;01/09/2011
96641ea8a1be459f2b6b52a9a72779821e0ba616;114508;31/08/2011
619d4b470fb750ee9ebe8947501448a17b84a306;114508;31/08/2011
f381f61c64518cc4d80ef91b0da7a2df9d09310f;114508;31/08/2011
cffd688efd26dc4d81a1ce7ee046d376541ec0ef;114508;31/08/2011
3401dd9f784ed79d26de81b71cebfc1b5bcd91b6;114508;31/08/2011
4dca2b3d602f64700df7f185f54eb22e135bea33;7288;31/08/2011
868e751bea1a8974f6224630040fc2e317fdfb8f;7288;31/08/2011
8ebd446e58d4ab48dd07c914effcf9662479278f;7288;31/08/2011
d8d88a38941953508ab6a4161781245d1927b1d6;114508;31/08/2011
12699b1514747fbeb160a552a6c82f94efaf130b;114508;31/08/2011
344654854f39faa5e89ff62b903d69102e924ca1;7288;31/08/2011
d792cd8d05d1c5b16f9e4a95d4203235dccb8ad4;189989;29/08/2011
3c4699b6096a0cb75a7c58091ff9bd2cd69ff777;189989;29/08/2011
26f7185bf618080c915c750eb68a9f71190b5a72;189989;29/08/2011
94c5e270cfc52166dfef953812030f3d1241f139;189989;29/08/2011
8f89ddc9a3f297538c4f5e38a91dd9d9f76a966e;189989;29/08/2011
783229214c69f266771852ca67e6b88a2578bd08;7288;28/08/2011
da97b9abbfb9ee42761ed320a5454bb8e95d60b6;189989;28/08/2011
74db4807d53c06c1d967f90c155faa600e1d0d0e;189989;28/08/2011
3c790d80a8115d6a5b6bc908ab1c3ddc81ca5b66;189989;28/08/2011
43a987d5b4d71c1430ddc0df30b27c85d0b14918;7288;28/08/2011
1ccf1e64bea359bbb922c462e0336123d9d4a94c;7288;28/08/2011
9c94a8ef24aa042cb4dbda6ce7bc9090c1d61b26;189989;28/08/2011
ad53b9bb3e6ca8468463c5a969d1aae848d893b9;189989;28/08/2011
cad33014b43937ac9eb4f4e759fed9fb6420dc26;189989;28/08/2011
ec92ac735c17a4ef741ed8f626466e7b4acc8c77;189989;28/08/2011
102b421617c2e61f54c9203f184016959bc97068;189989;28/08/2011
1461ac012daf9a2626ec0b16038842c936d0de8f;189989;26/08/2011
f5f436160c8b5fb8895b04b30406f67317a29d19;189989;26/08/2011
a445b2d7b9e10379c9679885988f9ad30ce365b1;189989;26/08/2011
5441f516070f3bb9d340a1e84dbd660de03f59ab;189989;26/08/2011
a75f7c9dc313c8b19e28aa8c57b737c455f15f2d;189989;26/08/2011
c4b1d443ffa8ae7294565447ee3d17f4cd1df0c2;7288;25/08/2011
c517674f3f1426052cb93205b7da1b26b57cddc1;7288;24/08/2011
b5bb07faa450b312382383a2202d49a3f8e325aa;189989;24/08/2011
66460a779313595f40fbe341d81a3973213b171e;7288;24/08/2011
051f3ea839ce8bff7a2f95c4bd3acbbd4f5ae635;7288;24/08/2011
6fe972d0a870f7e7c26819e84691353052ad8ade;7288;24/08/2011
6e4137f16c2da7ccf8894dc002b335981a4e9472;7288;23/08/2011
31a75b02a5e9651ebdb07516caba5d6c70293d39;7288;22/08/2011
47929b4507a16af12d813055aef7ed27b15abd66;7288;22/08/2011
08e6c5b8cd992eecfa29712e25470fbfa6c92f6c;7288;22/08/2011
4272070d60abfd680b8c0c76b598171dfdfa8c38;189989;22/08/2011
d3cb9fe75022beacb50c18bfe791708d4b0a71e8;7288;22/08/2011
c75e595ea43ca034ce36f0d82272fac8ad7bdd5a;7288;21/08/2011
84a8a6da5f85e17b24125aaeb233f0383000eeef;7288;21/08/2011
d78b1e1f5e6673e8abf28ecd7c376a3871066c31;189989;21/08/2011
f95a39230b8b850e50d4ca974783500e3a524e09;7288;21/08/2011
6e4c1a40f256a5476d6463ec0c0db747a0153bcc;7288;21/08/2011
34a7389a2c81c1e5c75f8ffefe3f840dc900067c;7288;21/08/2011
83922ada2f975ab1bb411453bdafa4bd5c6d5aad;7288;21/08/2011
4a96278d1bf992304eb68827883529c8eeea1b48;7288;21/08/2011
d3f10a8e18408c25c66f80f91c14779e358c92b1;7288;21/08/2011
8af4fa714cac4aa83e6884065351b3b31b853f07;7288;21/08/2011
944056ce4a0877ec62d9ff01049e59b5d7826888;7288;21/08/2011
3ec96ea6b0eb8f4165a6e5cf360b71961ae82147;7288;21/08/2011
52746493c44ed017aa020078fa1492957f2233a0;7288;21/08/2011
59785ab4e9c802ff3688475c627d9b9842ce16b2;7288;21/08/2011
af727e95225c09cdf2f0a47f2b9d6b7a3f5125e6;7288;21/08/2011
2dbdc3659825bd66e11d7d5c87f7973b1ac76114;7288;21/08/2011
776da4987f0814a173c37b6e035b117bcbe9a6ec;7288;21/08/2011
ba41180fa1ec884a26b57c11afc76886dd14f44a;7288;21/08/2011
7a0bd2a569a6de83d4d5a11610bf3d9176694ae9;7288;21/08/2011
699f4f76f25ea2252f31f82fd503b0125ab45709;7288;21/08/2011
9d19e02355d17c69f797d0f746391fc92e212b19;7288;21/08/2011
e6796407008a646e045f7f3bd42647b733e32a4e;7288;21/08/2011
319fd80ec34348c5a1a4ee653efd2a2c93cb55b4;7288;21/08/2011
e79a51bdd84a4e569958142e6c0a0961b54ac64f;7288;21/08/2011
439e4aa1442fd7c1d0dc584f41e7429619b24eec;7288;20/08/2011
8b044bdd4c189ee44456115cdead8c08d6ecbc6c;7288;20/08/2011
149c9512620be06fec06009b336bd46e55a52b43;7288;20/08/2011
75c925a932ad53360f6f7a831b526baab7658131;7288;20/08/2011
710baec7352e2421172e477682d5ccb3cdb480b1;7288;20/08/2011
bc644a138aa525d009209170d129814d686e1bb7;7288;20/08/2011
8deac1b8c6ff7744728107d052f97abd6ac01702;213140;20/08/2011
07051055cb76a7e4f638eb35898d1bfcfdfbf38f;7288;20/08/2011
07061f864eaed7b71159a33713400b00d96da069;7288;19/08/2011
da3a7de22395bcef866e3b5628952713e65e9c38;7288;18/08/2011
545ce2a2b9a6c37de157065ea6005d467ad212db;7288;16/08/2011
155054e6717fdfa8cffa1dc3c98336d12fa1026e;7288;16/08/2011
4e7d3f1c18cc33fa6c963fd6be837b749df61e29;189989;16/08/2011
2867e06c53c2d5d17a757fca27b41526ad86cefc;7288;16/08/2011
682b3532be4d2cd6f66e9617b36d5fc3451dbbf7;189989;16/08/2011
6254c847171ee7fe309539aeed46d5c92d15ca62;189989;16/08/2011
c3d7b2e9180a45b94d64c59a0933653d6e3ed444;189989;16/08/2011
ca92c9ff847039abe297ec9f28d412823e133b5f;189989;16/08/2011
dc72101c1043a74ac1fc3bff89369c185da4d3d5;189989;16/08/2011
714a8493749f37e7718d9493c1f9163569626958;189989;16/08/2011
40625b4c535574746c5076199978bb5a161b8a11;189989;16/08/2011
171040921569bbdb656fdbb081abab9b02222423;189989;16/08/2011
578aa6c236d014814ca73c2bf92886e2f73ba312;8788;14/08/2011
e6090d541ec26c9254194a15ffb8a11b52edd7ae;7288;08/08/2011
512de8c9b1ae86fd8951d9a99dfaf015b39d790d;114508;08/08/2011
0842485f62a312e09d3bfb43135d6371dbc291a4;114508;08/08/2011
2c4ac33942e557de0bcc2b4d0c5e5fc8de32de2a;114508;08/08/2011
f811e6ae1ece37358eb8f9ba8ffc998cc0ded285;7288;08/08/2011
dee6117c01311ff77fb160712e3d7b427c826897;7288;07/08/2011
049e1f50bd54429ea2e43207ab01e10c8021988e;89706;07/08/2011
3046bd994eb0ba9aa016f1b4fec69c31bdae966b;114508;04/08/2011
e71a992dbd209b6da4c37aac4f2aaf2922a65c49;114508;04/08/2011
f280e51c2c0c5dac6444d534fa1e4ae3249c94b5;7288;02/08/2011
ceff9cf749323fc2c27cef98abda5828098c9f4d;7288;02/08/2011
a47ee85d09ce0de2318f28bb1cae4b3e1132230f;114508;01/08/2011
f3a11cd2241ca7768bd7a9f13907f7515006dfc9;114508;01/08/2011
b11982adf29d8598112d1c907bac546f1ebf7c7e;7288;29/07/2011
9469a0d343214f0f3c89f6dfb28c32bbd33def29;7288;25/07/2011
fbf44eca535f615e78d93abebda1c70d7245f3da;7288;22/07/2011
728bcbd304eae84b8155e3af1e9e4deca62f287a;7288;22/07/2011
512ff9658ea20cd113e21660dc81504e1d14e3c9;114508;21/07/2011
5adc92aec01357b6d235d70dea327b36c5662965;7288;21/07/2011
5cae803d01efd3e038977d8da7e3fdc936b59ad7;7288;20/07/2011
744663e9a133fc3ca130a0268619eb5984f2ded4;114508;17/07/2011
49ee7b52fd35433442550c5567201c9c7e7ff48c;114508;17/07/2011
21d633b7868196750b50270f9de2149b7d9fdb4c;114508;17/07/2011
ad33cb5b0ba64271e4c6b98c2d636421a500d504;114508;17/07/2011
540c6a6672100b5e162d57743d0c7e8002ba5b52;114508;04/07/2011
dfb497eae1808fc6003bcee650e0d1efcc9e88fe;7288;20/07/2011
e5c2240fcb9ae747aa3403e476dff7208cf3386a;114508;17/07/2011
853052da93f1c0d1518157d5ad6a017c18dc877b;7288;20/07/2011
cfec5673364b31311ba9bb71e488af69106a173c;522870;19/07/2011
b1d947dd511625dad346585ef6c78968168f4c3a;522870;19/07/2011
f3432386909ac8c4a9585bfd882e2ccd7a7d01ba;7288;11/07/2011
963366f6cec0434da61b1134f9c9ec58006354f5;7288;06/07/2011
ab138bc42cfd4fc2acc337bbee356cb13d72f86d;11512;06/07/2011
e88e31554bbd23446edb3bf9c01bb1b6d8bf5d0e;7288;05/07/2011
82ebcc3c9822973e6f7bf0cddc34d8a2462e85de;7288;03/07/2011
89e4e59d07f91220b40a289bb893e3bde7a0eabf;7288;03/07/2011
b87513436878c7f95db9833a848ceb7a1bc4a2a3;200649;03/07/2011
389616ec15e5f802071f05b8228daf6a7e8417b4;200649;03/07/2011
ea80c5499dbdc3ab1f79687d1e02995b58d873d4;7288;01/07/2011
778900a9746f6bd3657efc5fb1dc72a0a1df67fd;7288;30/06/2011
c86d104c832da930a30d7db08f3dd9101a3cebac;31125;30/06/2011
3fd978d6bfa09b44545365f7497bfd0651680aea;31125;30/06/2011
49d82a25b00d942b453f9cb44095fe8a3d9530ed;7288;29/06/2011
1354d65acfa97ed154c50ac3e95183b9a49e15ef;7288;29/06/2011
da749624a3f1fad4fc2bd864531f1fb039f0a01b;7288;29/06/2011
4c3364acdcd2128a866a932af670a118e41607fd;7288;29/06/2011
5acaa6b42d510f529ea77507f678b114bac73d9c;31125;28/06/2011
3807b9dc4db459a846a8af880d2edb212e11c22c;114508;28/06/2011
a0e1888c2c9c6e721123a7afa5aee17bdd987962;114508;28/06/2011
4b1af82c1b9dbbe0221cca8d6a1e4eecb2f282eb;114508;28/06/2011
aad029e53fccd0c0c978407ab90aed60b0d4232b;114508;28/06/2011
c5213b24b01fe0a09a4b926ee4e4c8b8b9dfd07d;7288;28/06/2011
f6c77ef0cf5c4ca91afddc6528545f5ac99f4d9f;7288;28/06/2011
f4aa689ec7c75e2e8fe9087e06186244f8692b64;114508;27/06/2011
6b04ee23c1353cbe652bcdfac7e5f154e6394c36;114508;14/06/2011
1f2c80ba3248f9626db91b046a99ce336fced58a;7288;27/06/2011
f5ff7ea715f41700fc9e0f07763e1a82b5c1df4b;7288;27/06/2011
f25a7a66e540400efc67edb52ccfd17cb5ee136c;7288;27/06/2011
da629874d3b6e8b2673e0c79a75ee723f60f8d1c;7288;26/06/2011
c6db0354ea13b7335e751f45b004c410407a0926;7288;26/06/2011
cf23a5c6e390ef045f5c43d3d90cc3cb0712be96;7288;26/06/2011
07f946d8172aefb117efcfdbc129e17b27124fc7;7288;26/06/2011
1b67c2b8c4d22b1873b1b65f34ab3dbcca709277;21340;26/06/2011
f2d0a213306703d72a88ac0c53c9b9d4eabcf464;7288;25/06/2011
addcb36a2ecb1ca406c5c0fbfe5380876542cdc0;7288;24/06/2011
99310e2c4704564970a040ac36bddcee981b417f;114508;24/06/2011
3ef660466d12d71eaad212fc6910635ec9a88bf4;7288;24/06/2011
2895d096ab318b625f035ba23153010de96b0709;114508;24/06/2011
0a2ec5f09fdeca015463bd05c1f8847f7ff2d393;114508;24/06/2011
9fa0a2c7cebbc1adf1f6891d9062ba29ec6409f3;114508;24/06/2011
6a56c53fba0f195b21595f5b7282d2d26a2cbb9f;114508;24/06/2011
40817dd525bfc7684739f9e4fd185c139b898f93;114508;24/06/2011
037e83d6cdd85a594e14a0ae2e694b9f70f22e19;7288;22/06/2011
c6c039a953c93446cfb0fd7efef731abfa4e796c;7288;22/06/2011
b277e3a81507eafdbf1c47ea15878f4b4a3614a2;7288;21/06/2011
d3910f1efe2d156b60b420dda6fc932cd34d83cb;7288;21/06/2011
5436dac17b1a63ae647df7d8d74c29b5c524f56e;7288;21/06/2011
42472aa92f0382862008c7ce47d91f610f16db9e;130084;21/06/2011
753ef864b9c3d82f01f5b4b922c20629c52dd7d9;7288;21/06/2011
77414c0b0ac366b815282ea9ca43e82a48339363;7288;21/06/2011
8094cdb4e7d3179066eb3ecba581ec36baacdfee;7288;21/06/2011
95a7650be8d0e984776a093e8945a701d76b05a6;21340;20/06/2011
baa4382de9a479ab290243290173a4346e54c68d;7288;20/06/2011
3abb03d63810c746c5297c0862203a9ead8cb63b;7288;20/06/2011
7ba0d6964e3a158a6b63fa2ea3012a2db4962481;7288;20/06/2011
00810e98b36ab3176fce6c9f5444a6a39da0247b;7288;20/06/2011
9931279ccc601ed4f1d9a899ce76e97fe9b745e7;7288;19/06/2011
f7ca056f1f57470eed9e751360f4a2d1f4d4f110;7288;18/06/2011
6e2b36285005db9fa9fddac507f1dc67febf3b42;7288;18/06/2011
12c81516cc07d72e2ef1094df7db1bb7057976c8;7288;18/06/2011
944afb314e146b8424f29145677ed44c1373abbf;7288;18/06/2011
75bbbebb894199ab9e9be5ee184e3e1d53a45e57;7288;18/06/2011
78856f8d51258fe39a89d0eb83d1c8f9eb1f9443;7288;18/06/2011
309e0fbab83a3c49565c4751e1653865eb65c265;7288;17/06/2011
91611afb30f54360e4845d7472eefcc5b33b1c53;7288;17/06/2011
e09da4e1d82f82549b996a34ea70e5062a91fcce;198537;17/06/2011
7e4a5fd33ed4f0095d08f09f490e5f3c83953e08;198537;17/06/2011
913b214d915861804083c44b3aab612f7e07fd8f;198537;17/06/2011
61459d117e3844b8a985a8709db2a80c0d4b2e85;198537;17/06/2011
e5064db060b2593166f6658d68be3ca9ad0a8d53;198537;17/06/2011
97b0366aaa9228eec5df8bccc555df1a87af2427;7288;17/06/2011
0077a08d3d09075647e68c65057cf2130b96747a;7288;16/06/2011
2c8e9bd5b44934f5ce41a8604351b345bd52e348;198537;16/06/2011
1c94da0daf2f5c9bfce966e1de36cfc3fe8809da;7288;16/06/2011
e2ee86e0ac8acebde405d92786a3065ad229092f;114508;16/06/2011
d00ed3f2fc7f4682f711538168fb5eb29ff36a16;114508;16/06/2011
8908fda6633953688c91236e045778434006c244;7288;16/06/2011
da34ca2d04cdf5ae519fd1515b2c24e84fd47c16;7288;15/06/2011
9347cc6fff0c1f2f99cfac1634e3d9348aec8f80;108725;14/06/2011
6b28a956aca91a0937ae63279494bd5bef52d4a5;7288;13/06/2011
71f248311f77244bdba668adf66caf498808d5d9;7288;13/06/2011
a55d5af8c1c070edd93a0a8f5669cfcc25bc8502;7288;12/06/2011
693d1c5f2383890ba7dcdb59565a99545843b8ad;7288;12/06/2011
d92723bd29af497a80cf5ea9074025db050e6995;7288;11/06/2011
f6c55010b9b1620bd231f10faf3770b84e90a52b;7288;11/06/2011
3cf4507b137a3165b5163e028caa7d8fae356bc1;7288;11/06/2011
0aae7361af25b6f3d006c04e3d4caf636fcdad68;19264;11/06/2011
a5885abcbfdbcf997cbef83e8192561b8a72613b;7288;10/06/2011
45afda296f1d29e659d13a3e0f829e5b336bc706;114508;10/06/2011
22ee075cc24bbd12b2d53eb91af3c550c097a5dd;114508;10/06/2011
bd18d7c838ade10d11aaeb89e7b5a38e708ea06e;114508;10/06/2011
cc45aa7f38c0bc23d41c1b4cbc4947065b0a6e7d;114508;09/06/2011
75403737c4a7c12eaf3573eaa9fca7bbce5be701;114508;09/06/2011
11c8322718c6b4fdac395dc189480bf4f114528f;114508;07/06/2011
a0f8f2491d2f40e6f21bffcb261507371dbb56a5;114508;07/06/2011
52677f4f0174ad8479c2dafb41e83b1dfe58c8e1;114508;10/06/2011
bf3aa06e1943cff58509210e0eeeb7d0fbd875be;114508;10/06/2011
7a4ea47c1dafe027fbe4ecc0c7c18fe24ec89206;114508;09/06/2011
7be25c9a1396510387583fda456b8ce0285da912;114508;09/06/2011
e5a1f3219357ec2cca07c177aeee618ab5faf028;114508;09/06/2011
bb0b820f724c52783ce673318adb6dc46cb82513;114508;09/06/2011
9d12d35478bcece6a643de13adf05bf2d78885e9;7288;09/06/2011
c2c6cbc287e52c7214c4c24a6dbbd36e98c40fa9;7288;09/06/2011
751e471068e71074f63b2cf32a387afab9f73210;7288;09/06/2011
dd8344f0416028040c754224b5712f760fa7598c;7288;09/06/2011
f615fce1e9f3fc76248f22e9beac6d1a5bafe176;7288;09/06/2011
555f80c8998257b6a9f6ac9fce9d2fb7483b716d;7288;08/06/2011
5b2fdca640eee18c97b686a0d696172a3ae68a3d;7288;08/06/2011
615ac6efa9f3374507fabc0e1b359df2d0d7d0cd;7288;08/06/2011
1cae77a3e0cde121081ab47c7a48cc567e01b188;7288;08/06/2011
60793e4c6b1bc08167de0e763039fbbc637bd780;114508;07/06/2011
ce0577adff0f7a28f7b9ef386ec7ae5ea3f5e63a;114508;07/06/2011
ea62c17b91450e5a0750c3e1c719c101273ab487;7288;07/06/2011
1286e99e350bfd7419c08945b8b56d5e68b608ec;7288;07/06/2011
5b6f2731c4b813b24dde277a37a1b987204c7b18;114508;07/06/2011
d1973c28f3904f497e35714d8c9e8e46608260fb;7288;07/06/2011
4dfe70f620d2d0dc8ab61c67652f3631b4dc036f;7288;07/06/2011
a0ab4f798ea07c4f5849cb520d5d8fbf43eb850b;7288;07/06/2011
8722399c0afba063d266b47b12a624ab9acf914a;7288;07/06/2011
cf8a890f8bc118ca650c6d6ed45124dc41681ac3;7288;07/06/2011
2e711029b2c15093c769ee95a5b3fa52264abe90;7288;07/06/2011
08c6d232afcd8bad29705e2fe3ccc4c364cf53eb;108725;07/06/2011
a1344cf986b61d92fb4294df4352fe19f5b3e43d;7288;07/06/2011
bfcc186d93a84064752d76fefb66d5bc1131fbc6;108725;07/06/2011
668751672449aae24456aa4202203ca910a74e88;108725;07/06/2011
7342d0f818998e8809531019dd043aca6b938d71;108725;07/06/2011
8ee3340d7e08d5736c8beb085d7a3afcd36369d8;7288;06/06/2011
cec73ed07d74928aa9c4a1890f4933fcddcd9ac7;7288;06/06/2011
c8504f69949acab4ce7a8b9a12eebf1c55dc5d67;7288;06/06/2011
d9d9d5a8acacbf4c63a8d2551e8dd85f9d02075a;7288;06/06/2011
c68762dc9d19b54f4178282743de00fb87152c52;7288;06/06/2011
4b553b445cf783d56beee68223f8d0d954cab6ea;7288;06/06/2011
42e81c12972e5a9da0123af828c7efaf40d2ee3b;108725;05/06/2011
c8dfe1e30a68471e2072b8da13d533bdae13aa75;108725;05/06/2011
9ee9361d49c90bda241101a8c87e5285dae6e9db;108725;05/06/2011
029b7f776839f1b6f29805475286a1a38d68d767;108725;05/06/2011
9b12ce3f8950cbe23fb45a0174ac5d56b516fe92;108725;05/06/2011
a8a4da152d17f3cd64c2c5d906165ab61f358ca3;7288;05/06/2011
203aaaa4d0d21d0d6b7ff2fb5a10163a72631027;7288;05/06/2011
f4d40b82f1693d42f9eda000918a4632bd52be16;7288;05/06/2011
fc16c4e978f6616a1e0f769e4b4b622197644ca7;7288;05/06/2011
3170b2b4b618cd191e03fd8c15c23c2d53579788;7288;05/06/2011
f8b9c322ea3f6671889beabbc589f3670038a2ee;7288;05/06/2011
e87918c9935298fe6ad80766b13f9506dd3cf0c3;108725;03/06/2011
47123eff2e23a64124fc68357cb0cb3200a577e3;108725;03/06/2011
804ff1bb0b8d5906402d86ad2302426ffebeb8a0;108725;03/06/2011
ff10a7af4d09b084bc1328d48d7622788b1f8d87;7288;03/06/2011
c1946fe1261a94b9d6aae779ce76825f10edfbb0;108725;03/06/2011
c4ecbbc7066dbec7a28004c06f8e1b4bde738f7f;108725;03/06/2011
7069b707abe3f5671c5f2fde61af43fd28c6ef83;108725;03/06/2011
d84e97f003347b05d239d6505a706d6aa36517ef;108725;03/06/2011
cffe0438c75e9a52346dca223fdff3bd83446976;7288;01/06/2011
07ab037a9be5f2f2879ee71a1cd07a5580c6e2af;7288;01/06/2011
e59054247c82306438572d598141535454e3d8e7;114508;01/06/2011
0c95f492a30612ae3dcc76f1447657b639c9ca42;7288;01/06/2011
21f8df941e6b6caa137c6d01d33a2664c7605428;7288;01/06/2011
93d2c302486915fe96a3bf192a4c5eb6bcc6fc66;114508;01/06/2011
afce9b83b02f2fa18d9f4a00385eeef7eb63167d;114508;01/06/2011
f8e59f92f8486964a901480571384beba8ce23c3;114508;01/06/2011
78cab6b4b19b5d3f233ae23c198435e868355c42;114508;01/06/2011
811c56b6f3a86e9235524435d79b2700c0b70b8a;114508;01/06/2011
b91f5b963217f8afc07c68e9e8b141fd7dc4471b;114508;01/06/2011
a012559d7bb128e54b42dfd67ca9b6bcce1fbd31;7288;01/06/2011
685dd2e1eba9f6a489bacb00633e5507c6137add;7288;01/06/2011
a7a8a6749a7ea4d873ead2a828c8251aa0ef7357;7288;29/05/2011
2a8fac45b444f781dd7def7d0311a9dd0662619e;198537;29/05/2011
5b8a40e763a1a5a37a6eccd19eef7fae8372b678;198537;29/05/2011
dfb19a4d8a0ca4ee0d485ce19ab3623ee3e4edf3;7288;29/05/2011
1d9c34926579872655ee355ac454bbd3010e5f8e;7288;29/05/2011
5be29972cf1c9a1b5437922913dad1b4e8a78190;7288;29/05/2011
e7ca6c0aafca19ad56ca9247919829ff3e979239;7288;28/05/2011
7594a050e988a78e74d871f6c63e34d1c7716b00;7288;28/05/2011
ff726de7968fdba436ac439b4d27f3dd3da80638;7288;28/05/2011
b1af26ecc04516dcae3865a9638b301e51de9fe5;7288;28/05/2011
7e099abaf20220420231d60d05008532b8fcd483;7288;28/05/2011
2a46ccde8b3d237f1c19d760780e6c244844521e;7288;28/05/2011
b8fc6558a2bc6e51fefbdb09dc4d6a126d734704;7288;28/05/2011
08c6faff719eae362b98e2dba97675d581455efd;198537;27/05/2011
527b25c18768ae45d71d97cd5f6d4273f2aafed6;198537;26/05/2011
f5e070d4448e218a62df9e52d3cf3c428a0f35b3;7288;26/05/2011
4f68bf70673bae7a5b74b320a39946619ceaf0ae;198537;26/05/2011
dcd91d73d178f7778a2a4877007255ce360f3870;198537;26/05/2011
fc5b799db00a63ec758b3ca961c17278a98a59e8;198537;26/05/2011
95c13d46fdd76b2d9ef62a493f17e978b1d64dad;198537;26/05/2011
71c61a8f7fea5302cd10648bae1e007bb8bcae54;198537;26/05/2011
a65ae9b1a84e5e0f8fd67bfa1c9642e70d0ecc6e;7288;26/05/2011
9a2fd4b36160b505885e1b278337a61fee958bd7;7288;26/05/2011
414a46e921fc5511533162d742e00aac50e34608;7288;26/05/2011
55bb382a1ba0e427e23ee29ae78d87f7163d935a;7288;26/05/2011
f84bef4b38ed51e9bdca8aa784d7b945d2d028eb;7288;25/05/2011
5da05055cc0beae4fa774298416ba44d879a55e5;7288;25/05/2011
5f018b32b2e6e421071a2725f2d52c4fe0e7ed12;7288;25/05/2011
838b110e9ea2e109f690b7c8aa82929a174e27d2;7288;25/05/2011
a1f0691311c3e821ca6f91162b7448f0ef239f1e;7288;25/05/2011
df64f60ec91d5e21c3c1ce839224a15b7461e96e;7288;25/05/2011
a4b540ef9e194a479ec1f56f67844d17bae34e78;7288;25/05/2011
041e827447278d5a9f743e151d887305a40f6a93;7288;25/05/2011
d15e0978152497b90ae6349a0192afe853e0a000;7288;25/05/2011
bf495f4d0e43b56693ddf79dc4fdebf52833d30f;7288;19/05/2011
f204a3386eb4b0072a92dbaddcdf8642114b14c7;1081;19/05/2011
1a6d2c11f8cbb07284921550a858b96bdfdec5d4;7288;17/05/2011
c105696aca172e2bbd09b53d477d0f5e54e0e616;7288;14/05/2011
59f7cad5d25ff35b5109d39f6389d52a802c8ad7;7288;11/05/2011
09519dab6c3229ca43cd6b4c65041cfe64337676;198537;11/05/2011
c585107e380c541c2f132e54c7df09df93d40cac;198537;11/05/2011
cd9e3d96472723b26a2cb23daa37a8d590c5adb3;198537;11/05/2011
11cc69efa45e50e93aa16efa56dacaa9ca7d615a;198537;11/05/2011
4e0126a803d850b55ca47438a6167c39e66a44c8;198537;11/05/2011
e9940868780903178745f2f2d907865dab848a4d;7288;09/05/2011
ceafea109cc636f80bd7424eb8a9f6fb49a6a349;7288;06/05/2011
0e1a0c6572ec52011a1247fac01cf07eb0c36c31;7288;06/05/2011
fe9168d23c4b4a829a1046264bdf0739446deadc;114508;04/05/2011
328f0e217217593068fc3c151dec76a69c14758e;7288;02/05/2011
57f525a78a6a1edd6a9e33c14db524f2c3a59bd1;30173;29/04/2011
38ddced9f8c727aae0c84974acb3f79e0726cbee;7288;27/04/2011
674f3ce61dfa13e321d7db7164746e0405fc7aec;7288;27/04/2011
0120e033357d3beb26788c25877046a115cfd9e0;7288;27/04/2011
717d9e93e7e7921c67ac4df5421bab4ec621e87e;7288;27/04/2011
3ba2f6c45d826c98d465ba2ec9a8c250734b8a60;7288;25/04/2011
bd00099658e0eef2e1e91fc8653fbf90d947712b;7288;25/04/2011
d3845e94ab2d4c0dba79220f4c922a9a589d909b;198537;25/04/2011
38a6638d2c60da6f81c0e41ce5709734cf53daea;198537;25/04/2011
0de16879d274f57cd4553e9116136887b2d95205;7288;23/04/2011
dfd4c065861c8a36bf475a40a6df2b833d692290;198537;23/04/2011
c2a53ba3748ef92ad0f80ba2fd9c72a0458b962b;7288;23/04/2011
0a91497075178c069e6959759db98bc648d5bb0f;198537;23/04/2011
0acb9195b0e74176b702598756552b41e2ac2001;198537;23/04/2011
e32b6ba52942297d114f7d33d8e294611a5f48e9;198537;23/04/2011
c8043520ee96a9522b45f0f6f24b49e68ffd6f97;198537;23/04/2011
a7713e31dab068479066d07b920837a1823a0d3f;198537;23/04/2011
d4df69b1758fb885c721ccb1f8b6de1a8725276d;198537;23/04/2011
ef899fee17b582d30b34486febb7108b3d15a360;198537;23/04/2011
50a1aa6aace7d5abb8d3fc302df77b65c27cd20f;7288;22/04/2011
6593a170b80b78d20b3c847c7c6f9ebe922fcc13;7288;22/04/2011
239ace5357d43848b2760be6582f20390402b8b8;198537;22/04/2011
34081845a4d51128cd2da6a510e3be4fd34cd17b;198537;22/04/2011
71ef73998802ea4f102f4ccdd9be2555d1bff28a;198537;22/04/2011
0475c72cea4b323fd30877d2d35012bfefff3489;198537;22/04/2011
b2e50a26ceb0e3bb3827445020a80932e7c02996;198537;22/04/2011
5d8e00c6954c82330f945d74ef33eae7aac6f9b2;198537;22/04/2011
a486b7efa05ae79ac0fec87cceefdac183b3ccec;198537;22/04/2011
a7c8008498e4e03c57f2e162bc36f1d4cf549240;198537;22/04/2011
20f278257ee0822e67055c6784c1f7b646b97e59;198537;22/04/2011
13a6be70b3e5f79f006f737d3c9932967d4b08ab;198537;22/04/2011
99658b7f773e2035cf843cc86b3f31a0f7f7dcac;198537;22/04/2011
c5101aa3a2af457e92a4e75c24f6a96a44f396aa;198537;22/04/2011
94069c43ead315893ae602382fec4297a07124a8;198537;22/04/2011
fdd1eebe0a15dc4e76c36db035859141b132299b;198537;22/04/2011
e1317fffbb0cfcabcf30f1221e017085de7f06bd;198537;22/04/2011
3717373bc4d6bbef6a952839425519059d1c329a;198537;22/04/2011
7ee97f3bf5235a216fd7966f14999b99fb5af669;7288;19/04/2011
391d3a42d61a5bda8d8fa1236c8051a88609a71b;7288;19/04/2011
710e947ac79641da77c8e0769744cf0d099ea177;7288;19/04/2011
a23a012ef9d7bbe266d6f6f439cfc0987b98bc2c;7288;19/04/2011
e233408300b22a303115f38bb6d10bface58f2a5;114508;19/04/2011
4f1fbb3f81aeedb11028bdd93c24454e08a40517;114508;19/04/2011
fa0314a2f1cd2ffc2ba79527b30d638c9f55122c;114508;19/04/2011
b0cba41174663b6fe7387877930ced5e14af84ba;7288;14/04/2011
f5e07481ddefc36204e558f3870f386fd1168e29;7288;14/04/2011
2deb758a3b4ee10e1eb0013da9104e957e249a78;7288;13/04/2011
7b3667382b39b331886971d29d545f362548900b;7288;13/04/2011
ffd38ad225cba66b0dc99c181be31c047a8a36a4;134745;13/04/2011
9e1241d3fbac5b2792727076e80bf087adad71ec;7288;13/04/2011
528c2325e60b2969a56c2305ba4795b3f4f095d1;7288;12/04/2011
e449c4ba19d7a6485cb8bfc89aaec5a8f8acb824;7288;10/04/2011
c1781944c7c311854427b339808b85a3222a27ed;7288;10/04/2011
e808690fd84edd6331800d18b13102de88eb3d4e;7288;10/04/2011
7280e6d5c6b88edf16196879b446fc41827d4e06;7288;10/04/2011
c0ea3d8732349222458243b6bda796d9927d4840;7288;10/04/2011
8ed9dc1c44be68b0a49d42dc4dbedba3f45a2c44;114508;09/04/2011
1f1e1d17e48b6b5a5f44a7da490e14faaa516017;114508;09/04/2011
be72a29c9f4c3b09a8cbaf5e4a83cf64dc66ce4b;114508;09/04/2011
71e0612cccba548f7559fe13c8af6dc049b7a861;114508;08/04/2011
6ec8b3b6692f138e604b82f8ee24ee8be9d77177;114508;08/04/2011
c616205620db13b9e7a4f189e655414fc9ecf788;114508;08/04/2011
a45b8e8401ccd8534fc5de76467a487dcbea5f6f;114508;08/04/2011
ce07e12c9e51095753245a88dfd81375f177e106;114508;07/04/2011
6e485df72af0850aa211a3c25c48dd317872e2fc;366152;04/04/2011
87a337f6df64c9f278e256dbc9c43dc302d55805;7288;30/03/2011
8ac4a7962b7723c9844970db25752b357e377bad;114508;24/03/2011
f86bc38bc1aeebc2ca1af841327f974d9a164188;114508;24/03/2011
23cfad71fa8df9cebaaae6dbe4134484a053071c;114508;24/03/2011
2182d8e54be4cb25fc8fb35801c1f0f0b1c326ca;7288;19/03/2011
1a4af0a5d088a4b4decc8b29e63d7cb7ce67670c;7288;19/03/2011
fbb524e62975dff46734c5cccb518f89f784c05b;31125;18/03/2011
3b4163521f5c0cbee05c4d07404063a6e42fc83f;114508;14/03/2011
a7a1322ea12d716559add8f2e46ad6aded5c7f11;7288;14/03/2011
28929a3069bf8afe1664e93b4a369af899a3b1d4;7288;12/03/2011
f32c232cb03a0f4b5b3a3c732d6f57091f4a3871;7288;12/03/2011
1df1bc9590e8970b1c36fba07062ed0b7c76b5ef;7288;11/03/2011
6ad335251945d7cad46bfa3153e5331d90738c2a;114508;04/03/2011
158362ed16d8e7965cf985a446028f9235d0b753;7288;02/03/2011
3e60ae6b9b9bc9bd22a4ae7a713257e776349b2c;7288;02/03/2011
25cf54784f3928974cb920f6a86e08280f06800b;114508;01/03/2011
ee1c5afc328a83f3c9a6aa920d5877054dcc5cc0;114508;01/03/2011
8951859a53749ff12271bc92cece0562646ccc56;114508;01/03/2011
9c74adeecad6722cdbfd93fbfd8ab9db0965aecb;114508;28/02/2011
378406b89d32ddb33451f4e62a7530cc6971e010;7288;20/02/2011
e15834522d6cc3ad3ba1c24b999acf46172db17b;7288;17/02/2011
de8a2ca27069897568a53e9eefd33001fc95ab3e;7288;14/02/2011
84a594112e56fcaf125be0a244e42327dd52d67c;7288;14/02/2011
f827d8881874904266aca587735723a47228abda;7288;14/02/2011
799fa0b210319958a88d06f6a01644dbb84287ba;7288;14/02/2011
bc6792769bdbe58749069420a82c15dafcaa9fb0;7288;13/02/2011
9eb2dfb50567a27f2f3b009cb3994dbf5e8d4e4e;7288;30/01/2011
4baf0269baa66f3d71b60b41bc457f8d5a1e29e4;7288;30/01/2011
6e4aeb10772c133cd2eb3333ed532a523892b1a1;7288;30/01/2011
7196fb7d5cc854bb695ffccde5de12bb3d9747ef;7288;29/01/2011
dd0ed7facd98e6dd6f5849f48548bebdc7dc39dd;7288;29/01/2011
32c5f02f2bcfeb4d4e54bc749cff24df95bc3162;7288;28/01/2011
ee54806abcc1173eb56e21f78978be3d3afffe5f;10111;28/01/2011
c0398f3fd7e28095ff35532826f8555475f349d2;10111;28/01/2011
4de99130c52b9ca6bff39b8f6e345ea4e949acc2;7288;27/01/2011
0faca2649eff12ed6e0ad12c8fc80164fa26e26f;7288;28/01/2011
6bb2f1b4a12e81dfb23b814768fe3c65e74ce375;4303;27/01/2011
d14be77e566d2d39a278a986ee1a9ea670ba1c84;31125;27/01/2011
a8280b1eafe3e32da9e61baf5a2ed515c207b0a3;7288;26/01/2011
8c655388aa222dfdcfc2e47120aca65581f856a0;7288;26/01/2011
75506e37a5942b8dc3a1305977f20fe99c805a9f;7288;17/01/2011
7f9e03ffad2201d4c5be4e77ebc673825029e5a5;7288;15/01/2011
32701e9bbabed8732a23923ed7085cdc97132b1f;31125;09/01/2011
bb5cbd63a1fe149a264d579d5a4fe5a23984b56e;7288;02/01/2011
4113063283ebebc4e146a583aeac258796b82534;7288;02/01/2011
5b9d091585f5131810dd5624002ae28d01750305;7288;02/01/2011
2c4adf746f2780048ad78a14cfb73f15111115f5;7288;01/01/2011
3a0d0886b6fd0b82ce0a246ea3b6713c428ce276;7288;01/01/2011
0110913c1f85fbdcd82ab525f60e5d81f310f339;7288;01/01/2011
04cc4193cab6c1d8ebd0cf0c250b1a45d85c9383;7288;01/01/2011
6979a02837a9379f24360c7519683373d3802396;7288;01/01/2011
24d433ea13d51e5c56a0da8eb040e851cac127f8;7288;01/01/2011
a2bec750cd91147b049a8ea1187300f0a45cc9da;7288;01/01/2011
c5de29336806dbb2c6081e4713bfcded5a90e6c8;7288;01/01/2011
37d67f03955eccb492343472509ed1720c2906b2;7288;01/01/2011
a75e67a041ca48281e2aa88e2709622e2d6b61cb;7288;01/01/2011
ad252166d79c8c90ca65de352506fbbc52ad7a5e;7288;31/12/2010
069cf546f60e80f60943891f87c920c77dac4b27;7288;31/12/2010
570eee099e1470d5dd8f065f27cb0e07df08025a;7288;31/12/2010
b2d8eca8c4bfa1d753ba637347010451cf260b42;7288;30/12/2010
a580dcfaa29c1800d7d6ddeb5ea62c6b4773b36c;7288;30/12/2010
4df6976427202c9952660946900071e19d218218;7288;29/12/2010
d528b30ae6491e1e83dd4c584f5d0838a88ae61e;7288;29/12/2010
d5b905a8ee1510e0c9258eecbc447e43b25f43ed;7288;28/12/2010
88d679406578ee51b8163453dff08827e83dac8b;7288;28/12/2010
1e32c58a770a899663d1348ddfe5d31125cb59f8;7288;28/12/2010
fa93d5f6dd68c5aa1674fed46d760d3fd030c680;7288;28/12/2010
bcfcdea8107b8ff8c86556500b9f7396682b21d0;7288;28/12/2010
2153e5ebeaa8ab0583f9b5fd534809d0bb5fd8f9;7288;28/12/2010
243dc0f82ca4f0aba82ef094a63bb67f90b4ab40;31125;27/12/2010
bb355db6c46fdf623c7895472d7538e56f7cbbb6;31125;27/12/2010
e5062741a7b15258ca4670406b8e396d074256b9;7288;27/12/2010
979dff06dfaba4f0c863963fbd492fabec195910;7288;27/12/2010
03297410cd65e06dc66882289b1c76938bd78080;7288;27/12/2010
d8a5c2b7d0167d64ed74c8db1dfbf315806ea009;7288;27/12/2010
9d7e4b4156fe8ca34a32aa211e453e756dce47ed;7288;27/12/2010
5346072a90471d6d95f23f0479db20143dd338ce;7288;27/12/2010
064ffa84f2225368508b5224c4760d5798831faf;7288;27/12/2010
160c4128d89399c5b9184f5ad60bb69ce3186232;7288;27/12/2010
5c05acd986980dd3e0d109201a11d437118dd83a;7288;27/12/2010
8e74533ec0bcd317543267b39bc9174bcf857dec;7288;27/12/2010
f0deb971a01b5a727231d9f2a2b2837e5a30c42d;7288;27/12/2010
ec321505c4356d33caa5a408692227df69a42c26;7288;27/12/2010
ea329c73483655525c2b7b98e72cc33c1fd9f241;7288;27/12/2010
